global_flag,employee_count,size,tech_support,revenue
1,26,152205,0,17688363
0,107,159038,0,14981.43559
0,10,264935,1,32917.13894
0,40,77522,1,14773.76855
0,37,91446,1,17098.69823
0,44,218703,1,17280.70918
1,21,126342,0,9153.974376
0,11,96784,0,5760.075096
0,50,77298,1,17265.11146
0,131,77888,1,21953.37179
0,84,417289,1,50875.56035
1,169,116016,1,22153.82215
0,279,66555,0,11972.18818
0,29,36973,1,10063.85753
0,20,91689,1,10521.9988
0,18,11292,0,2296.739654
1,13,466694,0,41743.72206
1,119,413240,1,56307.34264
1,24,49673,0,9673.221778
0,110,117138,0,15397.70575
0,34,136831,1,21267.51393
0,24,67434,0,6321.956387
0,13,45908,0,2694.216001
0,82,26999,0,2531.466231
0,170,56512,0,9116.230185
0,156,41571,0,12387.81871
1,106,148865,1,27860.93773
0,221,84567,0,9072.07955
0,15,126934,1,19867.56935
0,10,54468,0,2868.606553
0,46,58046,0,7126.30626
1,108,120173,0,20237.79168
1,26,74202,0,11610.05857
0,11,110110,1,18647.91666
0,34,295436,1,37025.88584
0,41,29867,0,1038.615975
0,17,133197,1,19821.22882
0,17,112661,0,13903.71762
1,45,193432,0,15182.77493
0,108,250338,1,25477.56325
1,48,11009,1,13173.24059
0,85,115902,1,15864.39188
1,44,16491,0,8488.73425
0,34,99114,1,13303.01519
0,32,176769,1,15658.03599
0,28,16210,0,1866.574021
0,22,116783,0,11262.22719
0,63,99214,1,18338.09893
0,98,272286,1,36192.4073
0,76,101073,0,8797.224912
0,13,59452,0,3346.04696
0,33,13700,0,2984.716846
0,58,93466,1,18338.7401
1,15,27740,0,5350.908641
0,13,535638,1,60479.55167
0,34,19900,0,3312.640665
0,61,60369,1,12021.49536
0,127,417564,1,54047.43047
1,57,10629,0,8835.047329
1,30,106147,1,23904.30481
0,50,69779,1,15366.9466
0,141,244713,0,18149.13843
0,33,11762,0,3087.227865
0,26,205525,0,19301.61921
0,31,179022,1,18214.01619
0,15,429946,1,28356.19404
0,20,165690,0,17103.73349
0,31,429628,1,52180.4918
1,13,54499,1,17418.02118
0,59,40721,0,6480.237874
1,37,56684,1,14732.56658
0,27,39421,0,6212.661339
0,51,310950,1,37274.32798
0,34,129251,0,13546.97187
0,78,72051,0,6934.633026
0,34,242353,0,22886.89951
0,48,128288,1,16289.16582
0,20,12868,0,427.6482735
0,15,406365,1,47587.29878
1,98,454291,1,63162.5783
1,103,43359,0,8583.56821
0,14,315315,1,37902.30016
0,101,59631,0,5172.847451
0,317,27460,1,20175.58992
0,27,84398,1,13690.74117
0,33,34115,1,11546.04042
0,10,126892,1,13310.68181
0,32,181818,1,15695.07674
0,57,149726,1,22908.60641
0,53,377721,1,28330.76253
0,120,145100,1,17501.09664
0,84,176803,1,26121.34126
1,17,102243,1,18963.73396
1,38,31973,0,8998.929994
0,17,21184,0,4208.953344
1,61,64891,0,11729.14754
0,42,35605,0,5698.071425
1,23,11269,1,10750.36634
1,21,86154,0,10332.25678
0,83,12688,0,5205.635952
0,64,211136,1,29938.98853
0,51,22089,0,3892.89282
0,58,92998,0,10775.65117
0,70,12772,1,8732.876532
0,17,235152,1,30804.12152
0,143,110430,0,18359.92468
0,86,98371,1,19446.96031
1,60,134989,0,10618.8936
0,27,227115,1,20154.21729
0,31,81870,1,11441.82429
0,27,21453,1,8533.242525
0,73,26417,0,3883.200484
1,28,210928,0,13785.74983
0,50,208770,0,20463.75335
0,159,17870,0,7309.382264
1,35,70823,1,16577.22067
0,55,30794,1,11868.75457
0,14,99704,0,11800.72088
0,14,150085,1,16800.52139
0,125,108026,0,11742.24034
1,174,58863,1,20339.32765
0,21,121378,1,19690.81724
0,103,36116,0,8061.36729
0,20,58290,0,7112.372385
0,88,77141,1,16303.77806
1,154,391156,1,55238.15934
0,14,80062,0,8856.093234
0,175,17437,0,10980.00749
0,24,15552,0,1263.065792
0,71,37194,1,14424.33442
0,113,35022,0,7429.766914
0,95,61522,1,10737.71349
0,17,272112,0,23602.45932
0,22,46013,1,9932.041465
0,16,15835,0,4004.123217
0,59,288104,1,24503.26207
0,23,199942,0,17650.28582
1,71,68308,0,9877.285199
0,30,79186,1,15465.93262
0,31,31220,1,10514.12972
0,78,118289,1,14608.44238
0,120,40569,0,5958.755283
0,69,187211,0,20432.53813
0,77,85917,1,12823.25034
0,109,24838,0,12434.5908
1,34,330589,1,43556.70504
0,57,12825,1,10518.12191
0,105,23341,0,7931.258914
0,90,41423,1,15312.82009
0,14,677214,1,40166.67407
1,20,21408,0,8699.634473
0,19,326943,0,9399.076282
0,18,27353,0,2588.025236
0,11,75715,1,16257.93618
0,145,50727,0,12850.98872
1,57,21975,1,11839.8829
1,150,114140,0,18577.31238
1,20,459345,1,55748.82324
0,55,131549,0,8435.037353
0,19,11375,1,8415.235112
0,37,335333,1,38288.29422
0,18,55362,0,6461.177574
0,66,63430,0,6489.251169
0,60,157628,0,10567.21174
0,17,123893,0,5898.268951
0,35,73351,0,3352.079607
1,22,159086,0,19184.64834
0,206,62175,1,19216.95099
0,53,19948,0,5020.076872
0,27,15691,0,5593.089558
1,46,17721,0,6922.064446
0,13,244989,1,28475.95454
1,50,14330,0,11182.43115
1,60,177787,0,22913.23627
0,80,81077,0,10502.37863
0,21,44931,1,9730.116239
1,30,13652,1,12702.69822
1,89,72595,0,15586.68329
1,237,224090,1,42906.04591
0,89,126710,1,14178.61795
0,41,315544,1,38604.23011
0,37,28092,1,10258.59208
1,18,38388,1,13535.50829
0,61,33293,1,9309.372487
0,77,155237,0,15265.72861
0,70,315199,1,24561.74379
0,14,212549,1,16571.64054
0,48,75989,0,10118.85221
0,15,19643,0,2838.325206
0,56,14509,0,4098.491438
0,118,229779,1,25590.53569
0,19,106862,1,18383.28659
0,175,45477,1,20337.33835
0,96,104636,0,6272.606914
0,33,72497,0,5924.766859
0,29,101666,0,6657.532861
0,20,268205,1,21539.93028
0,125,25775,0,7405.369309
0,48,199564,1,29080.77548
0,36,94398,1,18038439
1,18,34956,1,12826.48382
0,21,24997,0,740.2041154
0,38,232176,1,30069.56041
1,14,47658,1,14984.83452
0,36,64873,0,9138.845406
0,79,180677,0,21423.36985
0,64,232979,1,33710.50043
0,94,77496,0,5267.233703
0,21,188642,1,25062.01954
0,27,26085,1,9904.940439
1,95,120086,1,24304.85393
0,63,82308,0,6406.755284
0,41,26025,0,5116.346422
0,64,161527,0,9800.742942
0,135,19275,0,9646.977542
0,33,14154,0,2925.00813
0,38,21698,1,8043.890063
0,17,89124,0,10193.08059
0,90,56697,1,14903.83914
0,73,52065,1,9625.035979
0,23,239833,1,19319.62226
0,30,78490,0,8096.444424
0,42,115642,1,20582.73153
0,79,71811,1,11738.91702
0,13,246340,1,18364.88524
0,80,57031,0,8819.660959
0,17,132169,1,22732.21829
0,95,245949,1,35096.32977
0,42,338043,0,27467.93103
0,19,106306,0,10597.60992
0,12,26371,0,3115.42718
0,10,85080,1,15044.39546
0,27,216075,1,29230.15641
0,76,25081,0,6347.182107
0,23,143831,1,14397.39567
0,34,77756,0,6808.504874
0,33,128257,1,21128.28362
0,142,54051,0,12749.13256
0,13,107788,1,14240.70685
1,11,58430,0,13134.84644
0,11,59235,0,7629.090292
0,68,179604,0,9458.421442
0,35,28620,1,7657.136936
0,16,112196,1,19856.81149
0,66,100932,0,5185.256598
1,83,30708,1,17481.04576
0,38,13208,1,7630.788895
1,48,65744,1,21119.4915
0,15,21678,0,1678.447341
0,56,55617,0,6276.100271
0,40,93204,0,6579.419624
0,20,70868,1,15935.48222
1,16,126003,1,23245.99828
1,46,41312,0,11022.39004
0,84,65775,0,8633.419379
0,47,41473,1,8780.115203
0,19,107181,0,11260.84271
0,14,82940,0,6434.636636
0,27,84287,1,10648.04763
0,126,23124,0,8794.347788
0,51,41222,1,12292.45826
0,56,59551,1,11770.64662
0,143,181708,1,20077.4196
0,34,21218,0,1691.743608
0,43,120675,0,5962.412434
0,38,117742,0,14147.67247
0,31,20878,0,1364.936583
0,170,22037,1,16981.36868
0,24,21031,1,6464.915122
1,41,208753,0,22672.5671
1,19,188159,1,32056.56452
0,42,36314,0,5456.59679
0,73,46628,0,4740.708498
0,10,27481,0,2577.495205
0,41,66720,1,13955.58479
0,22,26066,0,4995.809424
0,131,21883,0,8470.103969
1,47,396317,1,51419.71823
1,18,51091,0,11592.21297
0,17,104855,0,4686.019904
0,36,164427,1,15162.89897
0,103,387171,1,28861.64052
0,52,65568,0,7747.679224
1,105,54340,0,15752.30457
0,19,156070,0,4339.93969
0,92,110336,1,17146.50535
0,156,17014,1,15899.73864
0,29,14242,0,2675.457403
0,19,146931,0,6868.147956
0,38,14398,0,7639.256995
0,31,165848,1,26572.05176
0,129,17220,0,6543.552993
0,128,91299,0,12639.67366
0,535,15503,0,21445.05937
0,25,42483,0,2736.140569
0,109,269738,0,29168.27255
1,77,335574,1,28664.11676
0,32,25433,1,9820.295287
0,38,158725,1,23856.34284
0,131,65562,1,16241.99888
0,40,346802,1,25373.13155
0,32,112622,1,17939.21897
0,104,43286,1,18184.09885
0,39,288126,1,36123.32499
0,95,362323,1,43607018
1,68,51541,1,14975.50384
0,69,116687,1,18127.12363
1,34,30658,1,13068.91705
1,34,129626,1,18042.88613
0,12,54067,0,4810.106068
0,106,166282,1,16043.1834
0,75,47342,0,4809.24011
1,25,48622,0,9585.262451
0,18,119528,1,20842.74918
0,17,134303,0,4998.686659
0,16,241590,1,30281.73375
1,32,67400,0,9195.50682
0,25,147722,0,12990.02835
0,231,22805,1,18310.04886
0,43,23236,1,8068.479679
0,62,25960,0,2139.823082
0,13,52378,1,10904.29261
0,55,34740,0,5827.637873
0,40,246428,1,20483.00682
0,27,299245,1,37353.16765
0,20,144860,1,13779.91158
0,37,161052,0,14308.17281
0,49,89464,1,15859.34335
0,113,242562,1,32562.24665
0,62,140044,1,16471.73165
1,74,244004,1,40497.96124
0,180,38702,1,16523.06401
1,71,88237,0,10473.37958
0,51,24939,0,5621.495511
0,82,143547,0,16116.64649
1,20,80535,1,18253.09563
0,79,82226,0,12864.58506
0,10,22466,1,9765.044709
0,18,16756,0,1610.197453
0,77,85722,0,8291.163787
0,150,277467,1,26538.01097
0,171,28817,0,12939.36505
0,78,250355,1,20643.79915
0,35,92141,0,10595.26695
0,14,456529,1,51924.83565
0,16,251152,1,31213.60214
0,16,93188,1,12642.9538
0,40,117070,0,6927.236082
0,26,57400,0,5814.425667
0,12,180498,0,7340.06039
0,44,70973,1,12523.29614
1,57,62155,0,8267.670198
0,67,311253,1,40723.91115
0,39,20130,1,9371.622527
0,35,119009,0,14220.32201
0,27,20180,0,2267.005255
0,111,84648,1,14936.89896
0,244,244034,0,29132.85827
0,42,78664,0,9850.210724
0,106,31439,1,13160.67895
0,47,17661,0,5902.711888
0,49,130026,1,14066.81751
0,125,203387,1,30241.19053
0,25,26640,0,3632.90825
0,121,136194,0,8156.040297
0,33,105290,0,7177.14562
1,35,52179,1,14583.99348
0,92,34421,0,8403.453102
0,66,81208,0,11195.85353
0,43,46714,1,11168.71204
1,83,80182,1,20948.36407
0,53,523072,1,59799.16955
0,11,127796,0,5156.378765
0,36,267997,0,23392.26768
0,64,102901,1,14147.29512
1,10,30476,0,6164.337526
0,101,19706,0,9219.297591
0,103,41131,0,5684.753484
0,16,53019,1,9111.931717
0,63,35718,1,10277.30621
0,79,111708,1,13816.50717
0,144,71301,1,17817.12326
1,92,12849,1,16609.08389
0,34,67361,0,5067.939335
0,40,10101,0,4233.988521
1,23,39431,1,12541.37395
0,185,63023,0,8468.373517
0,14,118715,0,10159.10407
0,131,40869,1,11627.39836
1,25,35339,1,12927.24394
0,45,124626,0,7304.186619
0,13,186338,1,19648.6002
1,15,285473,1,41386.39792
0,82,139197,1,25824.9784
0,58,150931,1,16145.67606
0,66,10166,0,5360.752999
0,10,11288,0,3080.489274
0,30,112288,1,11639.04193
0,59,354861,0,32723.36488
0,30,116506,0,11147.73518
1,160,144355,1,32341.84295
0,84,278699,1,38448.55502
0,11,73279,0,7830.856999
0,47,39742,1,7762.919592
0,37,67962,0,6274.782362
0,49,24599,0,6195.65709
0,14,13447,0,3287.837466
0,11,11436,0,3141.438092
0,28,15797,0,2367.974069
0,18,162238,0,8267.460899
0,136,100303,1,23611.31726
0,213,48109,0,13133.45761
1,27,68723,0,9594.085757
1,47,211681,1,21632.58762
1,23,30771,0,4529.899662
0,57,71494,1,15139.6409
0,16,10914,1,7605.428215
0,95,246262,1,34952.13563
0,30,29883,0,5157.582288
0,28,77894,0,9597.463865
1,16,23762,0,7237.045021
0,13,134061,1,20640.76421
1,43,50236,0,9437.606288
1,30,58572,0,6832.944493
0,100,14786,0,5994.344433
1,23,365657,1,27892.79878
0,186,130256,1,26391.25123
0,92,75889,0,13929.84848
0,58,98446,0,7199.232341
0,106,240548,1,34452.27461
0,34,317542,1,38424.33029
0,58,441327,1,52058.55769
0,66,181351,1,21550.5332
0,12,133730,1,22621.54606
1,10,22627,0,5749.223418
0,81,162718,1,17983.01013
0,83,226327,1,32179.11067
0,36,107698,0,4986.290485
0,93,31472,1,12786.3002
0,107,21257,1,11037.04497
0,69,111687,0,5879.647635
0,39,164836,1,17266.07837
0,10,11649,1,4619.491361
1,53,37189,0,9916.962461
0,14,14203,0,2161.660276
0,97,579829,1,70405.60593
0,45,59812,0,10011.99584
0,52,450829,1,54908.52665
1,35,77767,0,13610.06466
0,65,32288,0,5449.408473
0,32,336370,1,39979.63889
0,50,261351,0,23226.09424
0,14,55757,0,4643.135404
1,14,104708,0,8611.12893
0,10,89259,0,3531.240563
0,18,148376,1,21817.54653
0,25,31145,0,5595.403592
0,29,133682,1,21018.41974
0,11,150840,0,7639.384949
0,15,47163,1,9710.63789
0,211,131719,0,16740.27343
0,27,184873,0,6516.061032
0,41,17203,1,10457.70207
0,184,77525,0,10263.97187
0,103,65629,0,8372.933098
0,10,12863,0,5745.206084
0,23,174200,1,16693.90473
1,111,61748,1,16859.57223
0,82,303089,1,39591.00952
0,16,102904,1,15570.84483
0,97,39792,0,10507.14384
0,57,74178,0,9045.136014
1,14,26468,0,4921.146726
0,16,46649,0,3290.437078
0,67,83551,1,11067.72266
0,46,53095,0,4100.066835
0,29,72334,0,4716.348468
0,58,210389,1,31346.13915
0,68,35945,0,2342.322272
0,66,140023,1,16650.33293
1,19,21935,0,6043.553795
0,76,186672,1,18216.06353
0,100,53619,1,15951.4408
0,125,33710,1,15178.07679
0,46,189662,1,25200.70828
0,27,31227,1,9139.886332
1,36,121945,1,16779.91344
0,44,46684,0,6629.553622
0,18,28879,0,2725.168602
1,11,126504,0,9502.755081
0,89,45745,0,5006.419232
1,81,120447,0,10819.49251
0,53,146965,1,21664.35844
0,112,15256,0,6100.597739
0,19,95950,0,4656.715179
1,38,30816,0,8202.154684
1,13,61523,1,14287.6097
1,95,32497,1,17091.29017
0,25,134313,1,13281.92333
1,30,43592,0,8978.875867
0,71,103500,0,12218.00156
0,82,13299,0,6398.359921
0,75,151204,0,15393.43583
0,117,24001,1,12216.88022
0,16,29186,0,3243.766223
0,17,84477,0,3859.295896
0,56,13178,0,4549.874946
0,46,228672,1,18526.7485
0,15,140954,0,5858.523325
0,114,184808,0,20807.66651
0,156,28010,0,13530.65248
0,80,43736,1,12710.58625
0,48,102315,1,12091.04998
0,292,26266,1,22859.58487
1,124,157177,1,31904.76107
0,60,191337,0,17286.22888
1,125,16201,0,12469.58864
0,40,20111,0,5416.301687
0,104,25349,1,7577.97488
0,45,159316,1,26015.1458
0,117,266732,1,38457.41874
0,30,426440,0,37135.08325
1,30,130900,0,16918.90171
1,27,33783,1,14934.28956
1,80,213882,1,36116.57596
0,53,96134,0,10323.35981
0,18,213215,1,31239.19889
0,47,152157,1,21319.23994
1,21,253465,1,36720.15919
0,15,17547,0,866.5027041
1,102,35227,1,14702.80333
0,21,12121,0,2258.131151
0,31,456050,1,51880.29928
0,142,157885,1,18343.63045
1,45,26001,0,5512.498855
0,31,14241,0,3313.33739
1,143,304508,1,47852.08547
0,11,66918,0,8795.355976
0,50,82729,1,15661.76372
1,28,17932,1,11402.19819
1,45,34062,0,8351.665632
0,74,117713,0,7571.36749
0,25,131711,0,12597.96129
0,36,35162,0,2499.167204
0,11,47092,1,11240.48073
0,213,47487,0,12059.02577
0,50,117492,0,5134.198316
1,23,53433,0,10629.10275
0,43,18816,1,9464.520369
0,42,96920,0,7979.394504
0,90,287031,1,36334.68281
0,241,70897,1,27973.15607
0,50,38278,0,6338.094915
0,12,48863,1,11006.59102
1,58,125085,1,26038.79802
0,38,284796,1,36645.63815
0,35,368727,1,45373.57403
0,20,91212,0,8654.983774
0,12,71272,0,5779.293269
0,156,58423,0,11890.29075
0,96,91407,1,19539.92132
0,18,15004,0,3937.913319
0,39,89449,0,5573.486266
0,138,270429,0,28266.38094
0,21,13274,0,3095.427966
1,37,33257,0,5563.593837
0,51,25215,1,8733.23786
1,43,14802,0,8901.799611
0,23,38466,1,12135.37366
0,39,16107,0,3831.361007
1,102,45394,0,11339.28766
0,106,87840,0,14775.65201
0,45,25495,0,4170.850008
1,69,57081,1,17970.53412
0,49,74423,0,7596.227578
0,78,54722,1,15920.2787
0,78,26486,0,4266.673288
0,29,31766,0,6432.659745
0,13,99886,1,12412.85596
0,12,62702,1,8862.558253
0,11,141853,1,22100.80708
0,17,100785,1,16670.66491
0,63,150607,0,10265.69667
0,45,16314,0,3674.955232
0,74,10356,0,3749.068364
0,61,169634,1,17965.99838
1,18,114054,1,14901.1801
0,52,61017,1,13705.96307
0,31,48400,1,10045.32635
0,31,15993,0,4451.110194
0,74,26755,0,4823.024566
0,38,127759,0,3579.628507
0,110,31828,0,5080.331732
0,11,156161,1,16838.31593
1,23,25537,0,8450.373565
0,29,201956,1,16353.64152
0,35,140824,1,21353.98798
0,79,172544,1,23784014
1,149,57507,0,14855.23627
0,64,36235,0,3924.85708
0,163,17863,1,13067.51613
1,63,182030,1,31603.40384
1,72,288131,1,41805.45738
0,19,160081,0,13253.74293
0,12,118758,0,9247.633942
0,21,126915,0,12458.48419
0,397,274719,0,37514.29356
0,68,41268,0,7088.813884
0,39,52841,1,15146.54356
0,55,66334,0,5978.721145
0,64,23459,0,7550.86325
0,29,54717,0,3341.823071
0,17,193027,1,26327.42469
0,198,48928,0,9853.256899
0,157,184800,1,18208.87536
0,42,52894,1,10408.71595
1,85,27988,0,9306.015641
0,17,60339,0,2884.160011
0,47,65449,0,9734.050914
0,12,75928,0,2883.081314
0,41,292631,1,36257.64003
0,38,315258,0,27193.64001
0,84,58026,0,5205.690894
0,142,96204,1,15345.31194
0,23,48163,1,10107.28003
0,25,166714,1,17594.85795
0,30,30487,0,3175.214083
1,92,102457,0,11334.54085
0,90,51526,0,4258.853967
1,44,67320,0,8328.713237
1,18,55021,1,14420.92728
1,15,102213,0,14348.56177
0,63,417163,1,47465.3412
0,12,15928,1,8648.999344
0,96,17580,1,10898.43799
1,18,74347,1,12159.90168
0,16,87554,0,7233.63393
0,24,108781,1,17732.64553
0,19,111482,0,5042.940727
0,84,100638,1,15057.14152
0,34,32180,0,4486.460688
0,13,108630,1,17150.95795
0,73,69506,1,11789.74401
0,115,33468,0,5959.569767
0,28,52748,0,2417.57566
0,16,243471,0,19579.10068
0,51,64592,0,6723.133299
1,54,89895,1,16628.32527
0,22,34947,0,4656.094392
1,12,107397,1,15324.51276
0,39,78478,1,9484.149855
0,10,34104,0,5098.284531
0,41,87200,0,3820.739798
0,59,106506,0,11924.61423
0,36,155298,0,15583.72657
0,92,58958,1,12828.23697
1,51,241828,0,26127.9543
1,27,55228,0,6713.853191
0,49,118816,1,14502.08795
1,102,180594,1,35018.90603
0,25,271759,1,20509.34615
0,35,140684,0,7800.921691
0,12,147369,1,20957.4076
1,97,14821,1,15673.91672
0,102,49998,0,5621.031559
0,125,69017,0,9156.330752
0,62,225071,1,21751.17177
0,100,39316,1,11367.81931
0,24,12027,1,7367.999154
0,19,592031,1,66294.40273
0,111,58209,1,15133085
0,70,10741,0,5618.644444
0,49,50781,1,13386.88583
0,16,230303,1,31614.4348
1,49,285019,1,40717.37495
1,101,31355,1,18790.94691
1,13,159448,0,10230.59352
0,22,18308,0,3440.503781
0,22,85655,0,9020.869609
0,71,106057,1,19384.67619
0,86,118542,0,12495.46075
1,39,35737,0,8370.509775
0,39,194165,1,17499.98951
0,46,28286,1,9859.146847
0,35,49912,0,5967.841137
0,18,24152,1,7881.626501
0,149,207800,1,21643.22548
0,68,15647,0,5102.757612
0,113,12047,0,4998.714087
0,11,189870,0,18641.16406
0,257,66876,0,19960.93409
0,46,39429,0,7089.908942
0,178,292856,0,31379.32219
1,26,185851,1,19645.23798
1,22,41749,1,13650.70235
1,70,73767,0,7603.842548
0,20,63673,1,11390.60223
0,185,259323,0,29831.33311
0,66,65794,0,5295.01662
0,37,92404,1,12156.37941
0,19,14347,1,5903.90688
0,93,74672,0,6671.775593
1,17,31254,0,8959.680159
0,124,100331,0,12764.66444
0,23,139884,0,13465.12537
0,143,51248,1,19010.06087
1,17,14701,1,10443.93574
0,19,111631,1,14659.38464
0,78,11520,0,3432.258329
0,119,64211,0,9013.157714
0,30,60043,1,13186.55818
0,62,130204,1,17086.88052
1,51,29779,1,12891.60928
0,14,32485,1,10804.32922
1,14,72707,0,10831.10914
0,37,294377,1,20969.14879
1,15,178062,1,29001.08064
0,18,211482,1,27140.0278
1,229,125470,0,21229.99095
0,32,73589,0,9436.539748
0,42,10561,1,7917.72614
0,76,38509,0,4186.247555
0,132,159724,1,19038.30905
0,28,180825,1,18473.04575
0,43,188921,0,8200.044385
0,63,105094,1,19052.52686
0,14,265685,1,31667.2133
0,62,128180,0,7876.537537
0,28,186502,0,17617.60425
0,23,170763,1,26957.69292
0,22,47458,0,4414.542295
1,66,34409,0,9644.67258
0,68,39023,0,4836.424456
1,33,18758,1,10680.46847
0,177,120287,0,10224.81206
0,128,93074,1,18355.78078
0,50,153666,0,17033.61914
1,59,270515,1,38720.5649
1,72,68146,0,12469.49981
0,25,35371,0,3850.495537
0,18,243258,1,32101.21364
0,33,111100,0,7038.626683
0,69,16495,1,9018.927033
0,14,84745,1,13071.80872
0,68,136917,1,23749.7002
0,29,60243,1,13029.4313
0,18,13039,0,4193.71714
0,69,90289,0,4992.113273
0,42,130825,1,16737.69932
0,29,27477,1,10363.02502
0,39,89785,1,10216.49236
0,13,15849,0,1918.472293
0,127,66145,1,17110.84006
1,28,202190,0,23053.75214
0,84,101515,0,8605.208523
0,67,290129,1,38259.78067
0,37,24958,0,3215.696532
1,176,10540,1,18151.19212
0,73,116933,0,16588.51885
0,78,139936,1,16430.5856
0,72,54559,0,10381.80894
0,58,85608,1,14940.5702
1,15,33761,0,8618.757569
0,24,49967,0,2205.347793
0,19,228340,0,19487.9771
0,137,10110,0,6438.150315
0,10,121433,1,11475.91936
0,13,30759,0,3952.418228
0,17,276460,1,32961.26813
0,14,24120,0,2150.764164
1,90,186400,0,24938.68313
0,52,11477,1,8481.162147
0,84,17743,0,3901.467895
0,69,194397,1,18470.39534
0,12,30587,0,2445.971539
1,132,119059,0,12205.08601
1,27,118939,0,15217.28724
0,25,155603,1,22927.8039
0,20,10707,0,3579.826911
0,99,14943,1,11813.63627
0,20,123561,0,12900.7674
0,84,164619,1,24497.47256
0,106,47774,0,9585.584733
0,60,335624,1,41627.81473
0,59,39382,0,6177.235708
0,21,70596,0,7828.339295
1,132,51026,1,22679.74804
1,70,288765,1,28145.2671
0,56,20187,0,4358.590607
0,111,381223,1,48825.15791
1,36,166317,0,13475.01085
1,75,96090,0,12753.54049
0,10,177549,0,17060.57066
0,34,95970,0,8836.230462
0,81,164011,0,19483.50593
0,27,50186,0,4372.063859
0,276,205223,0,29953.98746
0,43,207341,1,17356.96793
0,55,115530,1,17237.24459
0,18,277788,1,33984.33364
0,23,94661,1,12052.66583
0,89,36405,1,11457.6029
1,11,20511,1,14623.94369
0,25,138281,1,21028.4986
0,39,44636,0,6198.280838
0,48,78276,0,8591.515014
0,80,154873,0,17730.1473
0,22,150152,0,12872.69707
0,52,178123,0,9448.094145
0,91,38037,0,6335.50074
0,23,37911,1,11050.47634
0,110,107027,1,15720.36657
0,91,85794,1,17085.61706
1,61,149848,1,26623.66442
0,48,199343,1,20241.82221
0,15,223319,1,30246.84776
0,11,409816,1,27934.82979
0,60,199973,1,28643.98619
0,96,46960,0,7386.644608
0,117,64199,1,16801.29799
0,51,210451,1,17615.61941
0,60,52203,0,3702.353016
1,15,211830,0,10518.47624
0,124,61017,0,10537.92488
0,61,18761,0,4274.035841
0,39,168779,1,22833.47745
0,10,17143,0,1725.572935
0,67,21786,0,4493.399538
1,16,79330,0,8614.599349
0,13,409216,0,32385.27363
0,23,70972,0,7159.863106
0,173,51263,0,9207.940664
0,16,84849,1,15010.17268
0,35,151778,0,15802.91663
0,25,234451,1,30319.0011
1,32,267633,1,38036.22259
0,13,69995,1,11522.14837
1,79,237676,1,25230.62232
1,13,126438,1,16778.87418
1,268,194055,1,43769.61503
0,77,17673,0,3511.944554
0,68,68510,0,5695.145297
0,14,67594,0,3685.758896
1,21,211044,1,24571.00018
0,153,142812,0,19931.75744
1,111,108150,0,19529.78425
0,109,52152,1,19136.5617
0,11,74524,0,4241.815778
1,50,275648,1,39463.25931
0,114,58648,0,7356.327876
0,66,11965,0,3747.519848
0,130,278253,1,25501.66844
0,60,273111,1,34219.61616
0,77,130469,1,15473.29918
0,19,111676,0,6369.082518
0,45,110579,1,14653.6345
0,34,22367,1,9900.519725
0,40,40810,1,10836.31695
1,37,182144,0,10354.31599
0,11,164172,1,17868.72587
0,33,22015,0,2909.544956
0,21,102313,0,13090.73802
0,43,80175,1,17671.33507
1,99,63075,1,23058.83592
1,60,21741,0,8089.685727
1,18,73617,0,7871.632576
0,32,532991,1,59494.49477
0,18,111714,0,10550.17236
0,66,29406,0,3692.980006
0,156,206448,0,13529.61913
1,130,325754,1,48460.80509
0,109,284399,1,23513.40276
0,72,20032,1,11115.66682
1,97,114884,1,26747.56274
0,32,226035,1,31697.45921
0,26,92186,1,11675.94125
0,53,91646,1,12127.16554
0,41,24161,1,13055.80096
0,115,96959,0,13698.22229
0,33,134791,0,4399.388273
0,43,213695,0,17689.83084
0,56,73505,1,12810.15442
0,20,73207,0,4864.281094
0,33,77656,0,6199.903732
0,31,40750,0,2730.122799
0,40,81450,1,13859.8355
0,69,28434,1,9762.730488
1,10,92882,1,15522.97777
0,115,84071,0,11690.24518
1,64,66919,0,14219.43138
1,14,53856,1,12486.7371
1,62,224519,1,35715.53248
0,20,324495,0,25494.5016
0,72,173644,1,18047.44692
0,104,78648,1,15877.81596
0,43,17103,1,10857.14235
1,20,98378,0,11892.40261
0,179,156726,1,33337.30767
0,77,161258,0,14596.43392
0,208,178354,1,23894.58049
0,33,24532,0,2858.632027
0,34,86961,0,5878.004417
0,42,99311,0,9894.79667
0,161,16364,1,11303.72537
0,135,155046,1,28146.75714
1,10,46612,0,8520.844793
0,132,92344,1,15489.22167
0,34,35881,1,8913.420934
0,23,65307,0,5669.662516
0,63,222019,1,28354.79066
1,200,377756,1,53778.42969
0,105,21188,0,9076.91555
0,27,10165,1,6417.365157
0,72,199052,1,30427.48377
0,17,116491,1,13790.5221
0,55,67170,0,8687.583676
0,55,82313,1,12226.4228
0,97,61796,1,14462.92373
0,52,105305,0,10454.9325
0,68,16836,0,5430.179286
1,71,126031,1,23700.03716
0,67,268036,1,37758.74083
0,50,102561,0,5443.590796
1,61,63214,1,20121.49264
0,21,135596,0,5190.790215
0,127,212139,1,27746.21581
1,317,25033,1,22180.12798
1,34,315105,1,44069.65938
1,86,33488,1,16338.14719
1,10,10273,0,5414.094946
0,17,23129,0,4098.004662
0,178,25390,0,8156.575502
0,69,24876,0,5957.777274
0,51,118976,1,15984.9995
0,35,175141,1,14314.20721
1,46,74856,1,13268.24686
1,127,21842,1,16346.18441
1,26,98484,1,16978.09629
0,120,150732,1,20274.3054
1,28,21758,0,9822.09884
0,50,19446,0,3234.454299
0,33,11692,0,374.4919543
0,16,251115,1,34324.18839
0,62,253448,1,34590.33593
0,42,109708,0,6290.856127
0,27,93186,0,8775.30422
0,96,83583,1,14556.84843
0,111,32700,0,5379.372413
0,29,48991,1,11711.37175
0,35,96742,0,11139.01919
0,132,47141,1,16030.57305
1,72,179251,0,20728.17565
0,11,61958,0,6943.252728
1,69,132441,0,11586.90069
0,68,31732,0,5844.905558
0,41,187615,1,15022.90035
0,129,101546,1,19915.63252
0,47,79995,0,7886.598072
0,144,95841,0,17049.23992
0,11,186906,0,6885.897147
0,24,26389,1,6905.691011
0,93,86224,1,17494.19729
0,117,126904,0,8984.496102
1,72,33055,0,8370.312256
0,61,17393,0,927.7440511
0,142,180782,1,29339.67577
1,22,319537,1,42297.84965
1,17,140264,1,24339567
0,100,16333,1,10969.97368
0,23,104648,0,6289.555494
0,15,26614,0,3894.353505
0,16,348026,1,25019.12665
1,155,156262,1,21733.72894
0,74,39394,0,4933.718505
0,117,29140,0,4516.709131
0,74,338780,1,41893.04823
0,41,209808,1,28148.2893
0,43,200461,0,18717.08297
0,115,43800,1,13719.34886
0,22,55203,0,3877.036058
0,120,29719,1,14819.01866
0,220,101318,1,19501.87294
1,11,251510,1,34882.6487
1,131,81243,1,19114.5469
1,135,110438,0,12688.82126
0,56,70848,0,8498.405233
0,32,163505,1,23199.82368
0,30,131324,1,13032.75978
1,11,237921,0,25148.51695
0,74,512799,1,61842.53886
0,15,343625,1,40063.98894
0,152,255746,1,38496.75612
0,14,13521,0,2955.875518
1,61,97119,1,17603.9525
1,54,218979,0,25110.63315
0,85,58753,0,8419.202725
0,22,314297,1,38741.92019
0,62,101757,1,19272.74509
0,17,205233,1,27122.56479
0,22,13398,0,3398.11952
0,31,264171,1,32723.72263
0,99,60497,0,4879.220052
1,32,235279,1,34810.55066
1,41,32790,0,11304.1594
1,22,426030,0,18095.77891
0,49,105859,1,13418.95409
0,83,247807,0,11316.10913
0,79,15524,0,6788.539469
0,106,161425,1,26358.09252
1,46,204894,1,20667.64091
0,171,208390,1,32069.98303
1,63,48841,1,16647.35755
0,38,73329,0,5064.05926
1,264,275491,1,50307.33259
0,33,256642,0,23432.22518
0,26,30444,0,5145.141759
1,213,379290,1,60203.89043
0,88,99898,0,4183.562699
0,51,53317,1,11588.65023
0,20,15266,0,3658.278053
1,48,358940,1,52019.16027
1,22,226384,1,32896.6055
0,152,126111,1,17573.86443
0,55,10454,0,3504.503079
1,18,305435,1,43612.60606
1,28,49332,1,15206.90912
0,67,253921,1,21686.95205
0,26,124740,1,18199.69751
0,43,84235,0,6303.212166
0,50,91894,0,13907.25597
0,53,38192,1,10861.04743
1,146,89687,1,23753.70897
0,338,227586,1,30043.81505
1,110,30244,0,10369.50698
0,243,99838,1,19400.48493
0,75,38683,0,8939.53286
1,120,15965,0,11643.57355
0,127,117083,1,24038.8003
0,19,33497,1,10677.20017
0,18,273756,0,25331.78145
1,12,149350,1,17083.90622
1,10,140943,0,10211.61067
0,54,79984,0,3774.022142
0,13,369854,1,42810.83364
0,30,90039,1,10666.32347
0,21,79275,0,6123.187067
1,138,86526,1,17595.12246
0,44,24417,1,10982.72842
0,30,133443,1,13957.71172
0,21,151588,1,14916.32438
0,76,38019,0,8745.555866
1,135,69886,0,12375.25549
0,70,81306,0,9984.021432
0,244,18389,0,12912.11771
1,30,89187,1,19112.70034
1,27,91536,0,15703.48185
0,22,414028,1,48411.73584
1,24,17539,1,12403.82279
0,93,169520,1,24682.17914
0,93,21545,0,8013.702893
1,24,71600,0,8119.431132
0,243,70104,1,25916.50473
0,11,189560,1,23457.60884
0,25,71621,1,10537.24554
0,38,46070,0,5594.256812
0,36,27540,1,12872.95036
1,74,56750,1,16952.31794
0,12,21244,0,7616.587121
1,102,171154,1,22461.02533
0,37,103826,0,11795.08376
0,37,33933,0,4730.494451
0,170,74431,1,18602.41447
0,71,290795,1,37418.4234
1,42,14692,1,12010.44682
0,14,214925,1,29424.86975
0,11,254975,1,19171.56902
0,21,171420,1,24924.6775
0,15,61856,1,10738.01935
0,247,55864,0,16188.5893
0,99,184557,1,19937.30604
0,134,26005,1,12624.47883
0,75,138529,1,22232.06116
0,98,161032,1,29057.13155
1,34,47778,1,15575.59092
0,19,150038,1,22069.98835
0,177,29299,1,12110.95703
0,31,90695,0,10792.43108
0,33,48945,0,3046.58905
0,59,291874,1,38101.29937
0,17,62576,1,10924.6916
0,74,15051,1,12652.01364
0,47,61120,1,11758.11622
0,28,224557,1,21570.27881
1,13,436643,1,51481.47076
1,25,128626,1,25264.31538
0,30,72997,0,9055.466622
0,41,120679,0,8536.313565
0,57,26848,0,6769.439448
0,203,30600,0,12671.6971
0,66,152654,1,16145.62882
0,34,73011,0,6803.452299
0,39,159410,0,5687.746612
1,146,244406,1,37938.17821
0,49,39582,1,14715.84123
0,84,91734,1,13786.72061
0,80,124649,1,13916.59201
0,40,89385,1,17680.56379
0,11,308051,1,36980.83711
0,155,196940,0,23306.00006
0,101,123624,1,16293.66391
0,45,240885,1,31262.08172
1,41,115047,0,9719.121829
0,13,19584,1,9121.758337
0,27,13828,0,1950.003882
0,42,147592,1,21766.20787
0,203,42304,0,9369.386154
1,13,99772,1,19402.91401
0,50,180279,0,20803.41705
0,103,20340,1,10261.71063
0,134,143777,0,19449.43461
0,16,21518,1,12566.93159
0,110,17153,0,6432.405158
0,20,146114,0,6955.52316
0,71,21425,1,11287.25064
0,130,22855,0,8529.479435
0,49,23887,0,3459.079997
0,15,180869,1,14293.74411
0,34,621723,1,69502.99747
1,118,363714,1,35334.1679
0,50,178707,1,15949.85578
1,19,185925,0,13743.69156
0,27,415986,1,47684.93267
0,330,83006,0,17790.00111
0,49,111457,1,19360.29741
0,159,157802,1,18662.28483
1,29,189251,0,21412.61012
0,16,11813,1,7057.716994
0,113,59012,0,5815.313267
0,77,39893,0,6041.691655
0,37,20632,0,2487.28966
0,43,25626,0,4957.736644
0,18,80909,1,12110.20072
0,52,56500,1,9610.462044
1,213,68031,1,22110.9188
0,18,160297,0,8022.861962
1,31,146996,1,23680.3172
0,51,133215,0,12813.65007
0,87,11652,1,12866.98374
0,111,43425,1,14834.34432
0,130,18960,1,14030.81194
0,10,101790,1,13709.73817
0,11,391334,1,47007.10273
0,93,29982,0,5465.561091
0,300,117866,0,22034.16676
0,28,238370,1,30232.00281
0,75,129825,1,26170.72392
0,117,155279,0,16874.24697
0,18,37352,0,4343.695185
0,31,87831,1,10074.31003
1,152,82789,0,16246.96505
1,95,88361,0,11747.05758
0,28,19665,1,7535.963856
0,11,19975,0,3153.999581
1,139,60867,1,18548.92683
1,42,55217,0,8837.617126
0,16,75388,1,15671.0671
0,128,364693,1,48422.49158
0,34,180787,0,7457.534234
0,44,139225,0,14923.19864
1,175,57797,1,20795.30641
1,23,157897,1,18476.45679
1,92,36048,1,16736.85308
0,16,82969,1,18157.45591
0,27,44426,0,5106.006203
1,37,36052,1,15058.3902
0,66,34816,0,6351.385349
0,26,360237,1,41718.57662
0,12,25839,0,2562.555572
0,11,112185,0,9782.389138
0,94,123950,0,14914.87993
1,34,53451,1,13411.55529
0,70,112570,0,8116.201911
0,80,83602,1,14465.35069
0,113,213094,0,23650.45983
0,11,83804,1,14458.94926
0,50,105410,0,5360.756553
0,131,312961,1,41559.2825
0,52,19455,0,5690.371584
0,35,80233,1,15856.81648
0,100,75364,0,8782.850133
1,88,19067,0,11346.83188
1,200,32218,0,16131.02992
0,175,63222,0,13452202
0,110,121870,0,16826.19827
0,50,18984,0,3276.441955
0,81,25721,0,5182.933638
0,52,37711,1,10393.92094
1,16,169389,0,17528.55139
1,16,303731,1,39653.45191
0,125,486587,1,60619.11284
0,15,84984,0,4554.40667
0,16,61674,0,7472.361427
0,42,10950,0,3248.018934
0,189,138383,0,20930.42881
1,146,72761,1,22416.93314
0,29,47655,0,5814.054048
0,15,26206,1,8830.422136
0,179,78992,0,12512.88604
0,39,64041,0,9039.266551
0,55,76185,1,15442.85173
0,18,25347,1,9855.571089
1,103,23204,0,10374.1152
1,31,17128,0,6439.1138
0,13,45179,0,3240.677761
0,22,324583,1,41789.21678
1,126,313896,1,48722.19318
0,88,155731,1,23979.2456
0,84,249586,0,24583.70491
0,287,132812,0,26763.89677
0,350,78447,0,19044.33861
0,76,94511,0,10933.44821
0,17,353921,1,40255.44235
0,40,102679,0,6468.444106
0,129,116103,1,18377.2377
0,167,206798,0,14047.61075
0,32,33964,0,3792.469079
0,36,35400,0,4509.107352
1,158,160557,1,31782.88533
0,82,51160,0,6702.151585
0,28,90436,0,11455.40518
0,111,47701,0,8361.661382
0,23,30535,1,7362.893813
0,35,182719,0,20467.30031
0,86,128094,0,8159.382761
0,28,387643,1,46328.9537
0,30,64435,1,17184.19603
0,58,60088,1,14089.96524
0,26,35205,1,11627.70748
0,142,236867,1,36651.53787
0,151,85307,1,16851.32486
0,36,26139,0,6011.221209
0,12,60287,0,2161.067162
0,16,10767,0,1075.306142
0,40,287594,0,26263.23327
1,14,175283,0,20758.60175
0,54,108860,1,12850.2833
0,158,35440,0,8283.110327
0,71,16764,0,5008.528603
0,178,70511,1,23263.80294
1,48,58965,0,8584.94953
0,12,62941,1,10127.11694
0,41,204358,0,9614.969945
0,184,355100,1,46075.22695
1,44,18610,0,8958.329522
1,35,273202,1,26057.50382
0,154,171836,0,22141.74528
0,10,30801,1,9849.800909
0,51,101818,0,7633.370285
1,24,69099,0,8669.574323
0,117,27981,0,7712.577363
0,32,111547,1,18512.21463
0,149,33333,0,5532.672742
0,24,65113,0,5200.339559
0,13,93531,0,4438.57358
1,71,380317,1,50858.10683
0,74,14419,0,2272.127562
0,36,157622,1,23926.54642
0,67,29573,1,11457.61484
0,56,36447,1,12740.23798
0,36,28892,0,4429.202694
0,19,157285,0,8283.264431
0,59,17240,0,6302.147101
1,37,14490,0,7030.601816
0,13,227981,1,28421.08444
0,58,44029,1,12317583
0,188,219199,0,25131.74074
0,155,191203,1,31791.75098
0,130,60886,0,11196.20622
0,104,230590,1,22851.47202
0,136,10517,0,7861.118021
0,90,240968,1,31185.63017
1,58,343435,1,29186.81641
0,80,19592,0,7154.496475
0,19,46709,0,1788.257783
0,23,163068,1,22514.99273
0,14,79956,0,8201.242114
1,10,169230,0,9536.348658
1,88,126433,1,22077.31349
0,32,14964,0,2205.170846
0,46,31509,0,8237.521679
0,73,39297,0,2805.656965
0,24,27539,0,3451.888589
0,45,561249,1,38349.62419
0,122,237129,1,24103.33576
0,50,99386,1,16866.80194
0,25,16146,1,7812.085994
0,71,227646,1,32424.35195
0,24,28839,1,10910.47314
0,21,19778,0,1526.97737
0,282,163772,1,33763.74732
0,15,17196,0,3599.09488
1,23,134540,0,14828.91803
0,20,39541,0,2689.880991
0,34,98687,1,12058.38907
0,22,39237,0,3793.687727
0,64,112843,0,12762.26916
1,48,60288,1,14779.28191
0,58,74124,1,15862.94307
0,28,115727,0,13850.06656
0,20,36841,0,2466.731959
0,75,53062,1,10506.62169
0,22,44091,0,5042.730342
0,82,46146,0,8148.839687
0,51,44456,0,6819.859368
0,105,37298,0,8699.677047
0,20,248728,0,10088.00987
0,16,89955,0,9269.945628
0,47,66235,1,15915.97157
0,27,204745,1,27843.71872
1,64,118109,1,16707.76303
1,176,258150,1,43287.31095
0,10,196556,1,17609.17247
0,81,93682,0,5730.848545
0,128,369686,1,50130.92151
0,12,93054,1,12674.01825
0,68,64418,0,4660.333545
0,31,133654,0,13759.22737
1,33,30297,1,12782.91284
0,23,152713,1,24418.0332
0,38,119427,1,19079.72898
0,54,29769,0,6113.80667
0,80,41946,0,6875.8485
0,39,224032,1,28756.2661
0,62,29014,1,7046.27083
0,82,153617,1,17746.91304
1,50,105468,0,15388.45275
1,67,25413,0,9931.152373
0,15,25828,0,1808.608641
1,93,55279,0,8637.988017
1,82,13145,1,14090.36477
0,55,153278,0,6254.98617
0,32,127226,0,6983.619267
0,264,73249,1,22659.50419
0,12,96594,0,8108.028387
0,90,37446,0,4271.401033
0,13,232974,1,18953.51594
0,24,162345,1,21509.95807
0,23,57875,0,4471.087288
1,37,82730,1,16182.27909
0,19,17494,0,2799.743004
0,40,101399,0,4744.473057
1,75,53781,1,18086028
1,105,13802,1,13681.09963
0,136,47549,0,9496.221711
0,22,67538,1,12374.67423
0,120,32082,0,7445.272025
1,57,17917,0,9655.977756
0,72,274217,1,36554.17464
0,32,121688,1,13102.90052
0,53,83824,1,15267.41038
0,15,64482,1,14042.46102
0,21,41964,0,1113.172781
0,85,131982,1,15754.24544
1,56,57713,0,10785.29754
0,74,143637,1,24193.11289
0,105,48496,0,9994.092275
0,34,125504,1,20932.81831
1,73,75585,1,16648.60247
0,88,216508,1,30794.48969
0,12,329923,1,38545.90173
1,34,96403,1,19490.37588
1,29,105035,0,10722.2157
0,51,101540,0,13513.02957
0,39,29301,0,4918.077477
1,62,48319,1,18683.07929
0,37,126911,0,5982.366767
0,46,22089,1,11764.24383
0,92,248850,1,37524.42834
0,13,18641,0,5965.460187
1,14,60230,1,12723.99488
1,110,31135,1,17993.10381
0,99,293510,1,39756.50128
1,73,121796,0,20599.22185
1,125,16090,0,9928.621027
0,33,55005,0,3714.651945
0,80,13682,0,5325.555068
0,14,194938,0,7866.984969
0,227,134594,1,29605.25558
0,16,140578,0,12305625
0,34,70904,1,15090.02796
1,16,48556,0,6507.064194
0,16,47197,0,4627.528321
0,46,87562,0,6624.822918
1,16,69563,1,15812.20706
0,21,245123,0,25313.38013
1,61,25613,0,10625.00185
0,38,77649,1,17474.30546
0,65,59573,1,11450.96151
0,58,316663,0,13905.29862
1,11,15615,0,6929.75123
0,55,198478,1,28593.84247
0,39,77466,1,17704.23462
1,22,47870,1,12267.90934
0,45,17352,0,4157.376807
0,170,63835,0,11058.92666
0,68,73479,0,4728.372297
0,134,12752,0,9363.243188
1,19,44245,1,15004.20719
0,93,100300,1,12888.18501
1,82,63825,0,10876.15546
0,78,229300,0,26308.99261
0,41,35149,0,3897.27888
1,59,56526,0,11354.20289
1,21,89220,1,21847.66321
0,53,134756,1,20548.47139
0,71,227082,1,21740.35477
1,29,65533,1,15546.20046
1,87,49832,1,18958.14154
0,122,52638,1,16276.81724
0,23,175190,1,15262.2085
0,24,125355,1,20924.00185
0,40,146268,1,24373.30679
0,70,34800,1,11246.90037
0,71,29377,0,5236.862906
0,20,239951,1,31190.52552
0,210,25450,0,9725.253749
0,31,118649,1,23041.97953
0,49,101747,1,18578.82007
0,39,22433,0,4665.17618
0,21,68448,1,13605.75904
0,15,99400,1,13929.53007
0,23,170686,1,21878.81944
1,40,228243,1,34461.63062
0,19,200222,1,25888.90355
0,141,47986,1,15543.72503
1,21,46579,1,13139.07023
0,10,73454,0,5929.673647
0,181,68710,0,13725.05944
0,27,86259,1,14586.45649
0,223,68434,0,12146.46301
1,46,152151,1,29080.33788
1,95,154038,1,29094.56132
1,25,48419,0,9525.496591
0,26,33958,0,6615.064745
0,28,12955,0,889.9756528
0,12,42237,0,1408.456289
0,35,30750,0,6131.616399
0,41,52063,1,10898.83007
0,22,14223,0,1608.868027
0,14,19559,0,2836.787536
0,21,141636,1,21384.87729
0,78,88939,1,17804.1785
0,25,89284,1,18148.86182
0,58,576931,1,39189.79226
1,18,79262,0,5216.817245
1,47,334533,0,34620.77186
0,236,78785,0,10416.76761
0,14,142408,0,6604.038947
0,34,21189,0,1496.571961
0,32,159814,1,20189.74348
0,27,51588,0,5638.55887
1,82,100878,1,18010.79571
0,39,53677,0,7323.304046
0,25,25319,1,7832.328389
0,215,252573,0,30418.1706
0,22,219386,1,28408.8204
1,22,12621,0,7731.261504
1,39,238170,0,23439.61324
0,206,94992,1,21355.66519
0,79,48896,0,5184.767479
0,23,49678,1,5816.155015
1,114,195651,1,25214.32095
0,32,19932,0,4906.737437
0,45,11464,1,7700.722688
0,42,89221,0,6824.258074
0,83,289225,1,37057.45653
0,22,144786,1,16952.15638
0,26,106429,0,11563.57478
0,49,49910,0,4846.826271
0,53,20861,0,6473.5128
0,24,12147,0,1816.05151
0,23,121554,0,3944.826915
0,53,46570,1,9455.624525
0,123,79885,1,17573.13979
0,65,76943,0,10611.93383
0,26,122852,0,5382.789214
0,72,107275,1,12982.07293
0,56,71702,0,9683.228815
0,48,100847,0,12161.26982
0,12,48094,1,8736.408395
0,68,87512,0,5908.813014
0,47,339298,1,39957.12295
0,56,91201,1,13443.9427
0,18,164706,1,23309.57527
0,78,11390,1,7885.634278
0,11,21523,0,3581.785919
1,39,45321,1,15447.03202
0,64,60092,1,12370.46019
0,77,58994,0,10328.88638
0,55,64120,1,11766.00932
0,38,160582,0,16046.82812
0,34,54669,0,7219.732899
0,77,38887,1,14129.6421
1,26,38892,0,9816.213152
0,12,115412,0,10856.31406
0,63,50404,1,12470.55267
1,59,64514,0,9496.053381
0,35,55095,1,12093.38079
0,55,25729,1,9576.578823
0,178,618047,1,77528.81537
0,26,25096,1,9942.700669
0,14,254051,1,31201.35727
0,218,291538,1,43629.75392
0,27,15688,1,7456.745373
0,26,86989,0,7454.659858
1,41,134974,1,18862.37313
0,59,52406,0,5423.927958
0,55,70135,0,6679.766799
0,169,247768,1,28086.67604
0,24,84643,1,12468.53816
0,42,94666,0,5333.651027
1,59,75101,0,10147.14027
1,20,31883,1,11395.4986
0,17,39822,0,6271.528516
1,85,161560,1,29537.65233
0,121,29476,1,13640.71751
0,15,92715,1,15155.16726
1,114,332003,1,48728.22763
0,24,10768,1,8371.741955
0,52,51145,1,10488.15887
0,20,188000,0,15941.99873
0,40,68130,0,5894.35398
0,24,181704,1,14601.54169
0,20,30417,0,1835.451631
0,129,172913,1,32519.54847
0,42,105828,0,13968.27771
0,26,44954,0,4081.900584
0,77,62639,0,4171.2487
1,11,166808,1,21418.21206
0,103,64992,1,16998.38856
0,24,22989,1,7655.750618
0,51,125245,1,21036.03817
0,70,188113,0,10174.99537
0,24,176089,1,24340.71476
0,36,96026,0,5364.934704
1,18,23923,0,7416.942714
0,12,57036,0,5541.2102
0,33,161287,1,17158.78318
0,57,70116,1,16646.46136
0,72,45233,0,6225.88462
0,32,256127,1,32063.72955
1,71,47949,0,10124.27551
0,75,34192,0,6418.173838
0,11,56655,1,9543.824782
0,25,115008,0,7619.890571
0,57,145035,1,23480.37139
1,15,62075,0,5279.11638
0,24,70591,1,14673046
0,43,142076,1,15228.48508
1,125,30445,1,15968.83095
0,63,89773,1,19043.65555
0,14,46146,0,6127.903977
0,15,123038,0,11212.04662
0,12,77690,0,5465.409643
0,66,23386,0,4155.17803
0,87,298788,1,39230.68034
0,29,52031,1,8031.738977
1,30,45223,0,10476.25359
1,15,112292,0,14707.84229
0,68,70057,1,13970.97992
0,51,26333,0,5677.481518
1,37,266060,1,22936.35093
0,56,44187,1,13024.00882
0,67,20585,1,10420.06826
0,66,260624,0,11088.22641
0,114,11821,0,7004.24437
1,23,25922,0,6203.790479
0,121,193140,1,20883.98191
1,26,85308,0,8423.4853
0,54,257270,1,33902.75033
0,42,48614,1,9096.476076
0,14,127307,1,15132.06439
0,49,63961,0,4710.660484
0,38,55372,0,7548.081392
0,146,87993,0,10474.25199
0,127,68897,1,17654.38141
1,107,525030,1,65050.49043
0,210,143155,1,32194.46318
0,20,193262,0,6513.837374
0,87,12453,1,10546.46439
0,79,15633,0,6646.573074
0,65,43059,0,4597.490173
0,20,115576,0,11554.45132
0,110,313708,0,34085.18712
1,28,125668,1,25430.41466
0,35,149714,0,13584.77301
0,58,35876,1,11025.45128
0,73,19814,1,9097.568257
0,25,143099,1,15055.79704
1,18,140933,1,17543.84502
0,57,105671,0,13203.11481
0,14,14864,0,4378.016683
0,15,42069,0,1439.392273
0,13,15777,0,1983.398267
0,57,62142,0,9307.400678
0,101,131327,1,15252.16749
0,134,80943,0,5675.826269
0,38,478518,0,41818.39213
0,27,19804,0,3395.495012
1,83,175626,1,32215.16098
1,17,37642,0,5915.114035
0,25,58423,1,9731.674473
1,39,77650,1,18608.01124
0,190,138040,0,21710.83319
0,22,56766,1,7688.134548
0,19,15751,0,2342.172593
0,24,68592,1,16261.05254
0,35,171389,1,15341.2549
0,20,202041,1,27864.98293
0,100,94980,1,17726.35317
0,183,120480,0,19661.73817
0,34,191204,1,17610.66107
0,104,74728,0,12023.65435
0,17,309604,1,37891172
0,49,90631,0,6647.296616
0,15,303470,1,35467.78765
0,66,196930,1,28597.51471
0,90,54075,0,7220.87191
0,158,97736,1,22883.8854
0,153,143587,0,21617.33461
1,34,39847,0,9099.395522
0,10,192001,1,27934.92302
0,94,52369,1,14899.93712
0,44,10867,1,9150.068397
0,13,418788,1,46668.59688
0,85,243944,1,33519.77889
0,43,26090,0,6237.467069
0,13,90923,1,12351.10675
0,16,70111,0,6673.257513
0,35,54633,0,5766.333262
0,51,12679,1,8678.13295
0,52,267114,0,8834.50154
0,72,301844,0,28800.33804
0,147,17498,0,9284.071213
1,33,37339,0,9379.400485
0,76,78647,1,16291.33259
0,32,159946,0,7940.947136
0,118,54033,1,15732.86598
0,16,34524,0,1657.60029
0,86,24055,0,1768.879168
1,14,200125,0,21874.94337
0,33,236683,1,20887.12542
0,29,281831,0,15365.64843
0,55,286403,1,35776.06122
0,53,124441,0,14019.02331
0,17,21557,0,2572.29145
0,30,121658,1,13440.23615
0,52,27252,0,6427.628148
0,76,124451,0,6864.032046
1,10,22187,0,6828.300545
0,37,312042,1,37676723
0,52,71221,0,8315.512754
1,114,52711,0,14559.37835
0,19,122986,0,5520.08532
0,53,218244,0,10153.0231
0,18,369755,1,45167.61109
0,31,112556,0,7420.574514
0,37,113427,0,8036.636786
0,64,76953,0,9011.419677
0,38,171011,1,25780.19642
0,35,186296,1,26795.14017
0,40,80408,1,17264.45423
0,17,170110,1,22058.75821
1,35,112058,1,18925.58012
0,21,174845,1,16353.77671
0,26,34745,1,9797.931115
0,21,69801,1,11471.60871
0,42,235865,1,20195.00107
0,34,262309,1,19585.5975
0,57,10245,0,4387.135137
0,204,35991,0,13619.82974
0,72,28921,1,12724.2847
0,77,31509,0,5947.278689
0,25,25646,1,9107.229617
0,72,21188,0,6550.153588
1,158,86687,0,14162.78827
0,30,98948,0,7180.914803
0,74,193061,0,20889.74858
1,27,23792,1,13954.74776
0,240,27719,1,17028.09659
1,92,72144,1,17047.86739
0,35,34800,1,9965.380853
1,84,27701,1,16472.20159
0,26,60672,0,5748.774662
1,24,97257,1,21762.75624
0,173,31027,0,7139.476089
0,29,56959,0,7991.801988
0,51,38379,0,3672.918732
0,153,95179,1,21795.06614
0,184,46455,0,13878.99218
0,16,69576,1,14189.7407
0,122,12521,0,10381.90741
0,38,143772,0,6887.731045
0,141,188319,1,30681.06136
0,83,42495,1,13716.10988
0,28,142276,1,21574.47709
0,26,38690,1,10110.00069
0,22,46078,1,14498.91261
0,33,24073,0,2680.364289
0,33,38335,0,5480.749596
0,129,126165,1,19823.71177
1,74,259317,0,29737.78514
0,30,73164,1,14328.8149
0,38,59774,0,5781.273289
0,39,66436,1,10420.16974
0,266,100278,0,23166.06052
0,32,15569,0,2921.20266
0,38,52969,0,10113.77289
1,33,38371,0,10330.24255
0,26,207662,1,19666.70339
0,13,171025,1,15897.04316
0,57,205256,1,27906.4413
0,70,59139,0,5977.569192
0,21,34871,0,5239.444732
0,30,210431,1,19023.10679
0,29,92846,0,6904.359815
0,67,11681,0,5434.443462
0,23,125437,1,15123.5866
0,15,11267,0,-616.5724513
0,54,160784,1,23112.51345
0,56,45005,0,5500.479797
0,56,36316,1,7328.944312
0,60,99629,1,19656.17731
0,49,46979,0,8632.529171
0,80,32666,1,12627.10734
0,30,60593,0,7854.669318
1,20,22101,1,13912.19876
0,66,171952,0,17500.87214
1,142,204411,1,33250.97377
1,94,84566,0,17705.53082
0,24,17807,1,6322.44198
0,59,77087,0,4565.842911
0,36,399228,1,28104.52976
0,22,150010,1,20132.08548
1,21,160862,1,26783.82687
0,92,62289,1,15612.3162
0,112,197133,1,31799.31029
1,91,170928,1,33713.93212
0,107,229859,1,33989.91842
0,13,30169,1,7777.676957
0,16,11709,0,2117.546395
0,197,55240,1,17419.95201
0,123,283472,0,28592.42148
0,178,558513,1,70110.41759
1,70,81282,1,22154.12055
0,10,92253,0,8899.070061
0,16,14226,1,11642.06011
0,21,14755,1,5933.833852
0,42,97815,0,13636.95272
0,45,93611,0,12127.64035
0,27,19427,1,8389.650104
0,71,310718,1,38438.5399
0,36,135278,1,21340.90633
1,70,55184,0,13191.2218
0,55,490270,1,58714.84971
0,23,55771,0,3980.851169
0,19,72357,1,10492.48497
0,211,39983,0,14542.64742
1,48,269252,1,37507.32502
1,42,61609,0,6937.60052
0,28,288358,1,35979.81746
1,37,54873,0,6987.138356
1,91,65357,0,11234.4588
0,18,77553,1,11368.25645
1,59,136034,0,15218.78818
0,27,160121,1,13816.97789
0,29,80727,0,7133.681372
0,11,42969,0,2549.01298
0,125,76872,1,18576.01452
0,18,248566,0,20998.0432
1,54,225946,0,23284.55072
0,14,68408,1,9544.957874
0,80,61704,0,7972.853529
0,24,74510,0,7692.030915
0,21,48657,1,7872.254385
1,227,165733,1,26875.78401
0,92,216948,1,30042.24231
0,22,12243,0,3118.114431
0,31,42780,0,7446.547831
0,323,260230,1,46530.42113
0,17,100087,1,9617.575449
0,79,201749,1,32638.07335
1,34,146090,1,25425.5671
0,48,191941,1,29134.66939
0,68,48972,1,14081.51429
0,20,98120,1,12868.98743
0,16,101443,1,18642.82558
0,139,192679,1,34058.60358
0,89,306079,1,38693.56767
0,65,14266,0,4852.886305
0,32,79801,0,6464.14138
0,21,276950,1,24003.60504
1,77,24603,1,16244.06651
0,71,369362,1,49636.20396
1,29,163971,1,21486.33935
1,28,43930,1,13369.71389
0,30,11621,1,10157.94009
0,39,137828,1,20308.17965
0,26,61966,0,7223.827695
0,163,357482,0,36079.39157
0,109,146101,0,9826.859963
0,76,24504,0,4875.567785
0,49,105082,0,11544.48893
0,22,75798,0,4021.204818
1,20,136223,0,16741.71293
1,74,158032,1,31342.41506
1,152,103485,0,13710.65014
1,234,41540,0,21326.34189
0,88,556966,1,64641.33112
1,14,26162,0,8053.329576
0,22,32888,0,3085.171282
0,17,104309,1,10897.16033
0,10,90537,1,11655.52611
0,14,43358,0,3744.097328
0,21,29166,0,3814.303434
0,40,100002,0,9744.287477
1,78,316043,1,43156.33691
0,74,45004,1,16722.52173
0,37,239934,1,20709.49016
0,15,185341,0,11098.19468
0,25,98476,0,9266.628165
0,18,216230,1,28216.15072
0,73,24449,0,3398.862946
0,226,115829,1,19909.6354
0,30,273062,0,23779.99628
0,24,47249,0,7022.488822
0,65,285143,1,38203.11784
0,32,34819,1,9752.831101
0,41,128179,0,10259.69591
0,84,49484,0,10842.52317
0,100,31288,0,7444.036432
0,11,42955,1,8119.356813
0,38,75949,0,5396.306639
0,54,61250,0,5077.933824
0,26,262468,1,34569.82493
0,59,56606,0,4302.232812
0,148,45361,1,16062.76019
1,55,12435,0,8105.305773
0,57,68079,0,3393.358658
0,57,278418,1,36875.60652
0,36,114094,1,16561.71637
0,43,14795,1,7434.790067
0,23,162999,0,16569.3359
0,51,182905,0,6948.191324
0,283,43339,1,16128.40668
0,12,35941,1,9764.999051
0,60,28178,0,4651.985014
0,14,60982,1,14309.01002
0,13,65645,1,11808.9937
0,34,236428,1,22720.78752
0,38,151678,0,15213.31743
0,56,29407,0,8268.107679
1,88,96045,0,11546.25512
0,35,180710,1,17637.81626
0,108,85971,1,12121.85281
0,214,38115,0,13017.22591
1,30,349699,0,34921.74153
0,75,13965,1,9034.125983
0,141,14010,1,10357.27798
0,76,51789,1,12466.48763
0,34,24866,1,8358.920998
0,16,70499,1,13222.14717
0,44,189686,0,13143.71507
0,10,16430,0,1299.102236
0,17,47528,0,3814.032543
0,53,26282,0,4400.598975
1,109,15424,0,7953.444885
1,16,50651,0,10928.05785
1,75,221486,1,36120.18731
0,150,158373,1,28399.87285
0,45,97169,1,18611.64529
0,50,136254,0,9350.540121
0,39,13700,0,5861.649012
1,21,143612,0,17312.76386
0,99,58553,0,9550.739313
0,20,39611,1,9581.700883
0,60,287082,1,37591.60621
0,16,152576,0,4783.476068
0,25,52829,1,9443.426405
0,62,59649,1,12419.66799
0,41,276626,1,21897.14378
0,58,766485,1,86006.92445
0,58,82686,1,10331.16381
0,47,47511,0,3946.520963
0,90,21859,0,5554.865993
0,37,108507,0,13941.19144
1,74,41868,1,14081.63434
0,10,60657,0,7952.221689
0,186,23567,1,14249.44051
0,13,21854,0,1880.998166
0,12,23226,0,869.5679452
0,101,82213,0,9610.946665
1,20,94601,1,18687.84542
1,44,140724,1,26882.98389
0,65,60298,1,10622.92178
1,25,127925,0,15879.43813
0,16,161836,1,14719.98451
0,30,47851,0,1680.262467
0,93,193057,1,21270.02348
0,71,150646,0,17077.46962
0,12,76685,0,11054.46492
0,32,66207,0,9464.745128
0,24,64208,0,1576.904992
0,25,46293,1,13356.46203
0,32,150647,1,21544.90395
0,61,88044,1,16860.49338
0,14,200479,0,15998.36376
0,87,13886,0,6807.419547
1,105,61173,1,21710.26054
0,15,41218,0,6891.681471
0,194,32745,1,15415.53276
1,21,98231,0,12487.33731
0,74,17817,1,11138.53115
0,30,109245,0,12192.21526
1,29,74918,0,12960.35675
1,45,40703,0,8123.101703
0,49,50219,0,8672.851562
1,107,122328,1,28184.29894
0,56,228506,1,23682.07355
0,106,137381,0,20940.13031
1,38,229669,1,34305.23927
0,65,137759,1,23509.18852
1,41,422327,0,40789.41791
0,11,209910,0,18452.77644
1,71,41264,0,11360.06959
0,26,221889,0,18096.93978
0,184,138290,1,20023.38286
0,87,201086,1,28382.05576
0,60,21262,0,5242.13016
0,84,130518,1,22971.45448
0,91,57277,0,5125.167803
1,68,244594,1,24399.42021
0,11,33670,1,6363.877963
0,59,137979,1,23419.19662
0,119,117234,1,23452.52164
0,48,107806,1,11894.77167
0,37,20041,1,6912.385715
0,10,156425,0,6046.072857
0,41,22896,0,3173.607208
0,79,43580,0,6342.437748
1,202,77772,0,18668.96923
0,23,130407,1,20730.45615
0,12,278883,1,20267.32063
0,21,68312,0,7316.069738
0,15,15110,0,3960.120835
0,18,14696,1,5994.52877
0,15,125674,1,19955.65869
1,49,190863,1,22145.54476
1,248,470588,1,68429.09507
0,70,43253,1,14168.48187
0,61,57955,0,9284.721324
1,59,151249,1,27932.65921
0,54,85065,0,5937.476304
1,62,65840,0,12962.64014
0,11,91670,1,13413.1494
1,16,65674,0,7322.936783
0,24,252970,0,6949.114958
0,14,73949,0,10114.24582
1,28,160371,0,11384.83831
0,104,163568,0,7956.801304
0,28,106287,0,8605.681492
0,55,318677,1,39303.1489
0,50,211780,0,19458.78897
0,30,104335,1,15149.97842
1,70,88879,1,19835.77323
0,47,38137,0,6500.022999
1,11,215342,1,33756.74093
0,20,30282,1,8886.536678
0,66,15085,0,7924.059399
0,68,16262,0,2613.223994
0,106,109237,0,13443.79982
0,69,153445,0,9036.567702
0,32,42943,0,8199.699674
0,204,96848,0,8235.537343
0,224,84905,0,21328.54713
0,64,20368,0,2290.876869
0,45,17580,1,7918.8815
1,63,54855,0,8930.495022
0,321,15802,1,21081.75578
0,161,127963,1,18045.75122
1,97,267677,0,32454.81798
0,70,112880,1,15249.06291
0,27,18150,0,4607.795027
0,28,124231,1,13802.46645
1,33,99953,1,17706.83971
0,74,141579,0,13930.12862
0,12,111848,0,4753.072214
0,14,11924,0,2161.745939
1,68,40037,1,17694.82079
0,30,152869,0,9412.468409
