,global_flag,size,employee_count,tech_support,revenue
0,1,152205,26,0,10078.113000000001
1,0,159038,107,0,7029.535589999999
2,0,264935,10,1,19670.388939999997
3,0,77522,40,1,10897.66855
4,0,91446,37,1,12526.398230000003
5,0,218703,44,1,17280.70918
6,1,126342,21,0,9153.974376
7,0,96784,11,0,5760.075096
8,0,77298,50,1,13400.21146
9,0,77888,131,1,18058.97179
10,0,417289,84,1,30011.11035
11,1,116016,169,1,22153.82215
12,0,66555,279,0,11972.18818
13,0,36973,29,1,10063.85753
14,0,91689,20,1,10521.9988
15,0,11292,18,0,1732.139654
16,1,466694,13,0,18409.02206
17,1,413240,119,1,35645.34264
18,1,49673,24,0,7189.5717779999995
19,0,117138,110,0,9540.80575
20,0,136831,34,1,14425.963930000002
21,0,67434,24,0,2950.256387
22,0,45908,13,0,2694.216001
23,0,26999,82,0,2531.466231
24,0,56512,170,0,9116.230185
25,0,41571,156,0,10309.26871
26,1,148865,106,1,20417.68773
27,0,84567,221,0,9072.07955
28,0,126934,15,1,13520.86935
29,0,54468,10,0,2868.606553
30,0,58046,46,0,4224.00626
31,1,120173,108,0,14229.141679999997
32,1,74202,26,0,7899.958569999999
33,0,110110,11,1,13142.416659999999
34,0,295436,34,1,22254.08584
35,0,29867,41,0,1038.615975
36,0,133197,17,1,13161.37882
37,0,112661,17,0,8270.66762
38,1,193432,45,0,15182.77493
39,0,250338,108,1,25477.56325
40,1,11009,48,1,12622.790589999999
41,0,115902,85,1,15864.39188
42,1,16491,44,0,7664.184249999999
43,0,99114,34,1,13303.01519
44,0,176769,32,1,15658.03599
45,0,16210,28,0,1056.074021
46,0,116783,22,0,5423.077189999999
47,0,99214,63,1,13377.39893
48,0,272286,98,1,22578.107299999996
49,0,101073,76,0,8797.224912
50,0,59452,13,0,3346.04696
51,0,13700,33,0,2984.716846
52,0,93466,58,1,13665.4401
53,1,27740,15,0,5350.908641
54,0,535638,13,1,33697.65167
55,0,19900,34,0,3312.640665
56,0,60369,61,1,12021.49536
57,0,417564,127,1,33169.230469999995
58,1,10629,57,0,8835.047329
59,1,106147,30,1,18596.954810000003
60,0,69779,50,1,11877.996599999999
61,0,244713,141,0,18149.13843
62,0,11762,33,0,2499.127865
63,0,205525,26,0,9025.36921
64,0,179022,31,1,18214.01619
65,0,429946,15,1,28356.19404
66,0,165690,20,0,8819.233489999999
67,0,429628,31,1,30699.091800000002
68,1,54499,13,1,14693.071179999999
69,0,40721,59,0,4444.187874
70,1,56684,37,1,14732.56658
71,0,39421,27,0,4241.611339
72,0,310950,51,1,21726.827980000002
73,0,129251,34,0,7084.421869999999
74,0,72051,78,0,3332.0830260000002
75,0,242353,34,0,10769.249509999998
76,0,128288,48,1,16289.16582
77,0,12868,20,0,427.6482735
78,0,406365,15,1,27269.048779999997
79,1,454291,98,1,40448.0283
80,1,43359,103,0,8583.56821
81,0,315315,14,1,22136.55016
82,0,59631,101,0,5172.847451
83,0,27460,317,1,20175.58992
84,0,84398,27,1,9470.84117
85,0,34115,33,1,9840.29042
86,0,126892,10,1,13310.68181
87,0,181818,32,1,15695.07674
88,0,149726,57,1,15422.306410000001
89,0,377721,53,1,28330.76253
90,0,145100,120,1,17501.09664
91,0,176803,84,1,17281.19126
92,1,102243,17,1,13851.58396
93,1,31973,38,0,7400.279994
94,0,21184,17,0,3149.7533439999997
95,1,64891,61,0,8484.597539999999
96,0,35605,42,0,3917.821425
97,1,11269,23,1,10750.36634
98,1,86154,21,0,10332.25678
99,0,12688,83,0,5205.635952
100,0,211136,64,1,19382.18853
101,0,22089,51,0,3892.89282
102,0,92998,58,0,6125.751169999999
103,0,12772,70,1,8094.276532
104,0,235152,17,1,19046.521520000002
105,0,110430,143,0,12838.42468
106,0,98371,86,1,14528.41031
107,1,134989,60,0,10618.8936
108,0,227115,27,1,20154.21729
109,0,81870,31,1,11441.82429
110,0,21453,27,1,7460.592525
111,0,26417,73,0,3883.200484
112,1,210928,28,0,13785.74983
113,0,208770,50,0,10025.253349999999
114,0,17870,159,0,7309.382264
115,1,70823,35,1,16577.22067
116,0,30794,55,1,10329.054569999998
117,0,99704,14,0,6815.52088
118,0,150085,14,1,16800.52139
119,0,108026,125,0,11742.24034
120,1,58863,174,1,20339.32765
121,0,121378,21,1,13621.917239999999
122,0,36116,103,0,8061.36729
123,0,58290,20,0,4197.872385
124,0,77141,88,1,12446.728060000001
125,1,391156,154,1,35680.359339999995
126,0,80062,14,0,4852.993234
127,0,17437,175,0,10980.00749
128,0,15552,24,0,1263.065792
129,0,37194,71,1,12564.634419999998
130,0,35022,113,0,5678.666913999999
131,0,61522,95,1,10737.71349
132,0,272112,17,0,9996.859320000001
133,0,46013,22,1,7631.391465000001
134,0,15835,16,0,3212.373217
135,0,288104,59,1,24503.26207
136,0,199942,23,0,7653.185820000001
137,1,68308,71,0,9877.285199
138,0,79186,30,1,11506.63262
139,0,31220,31,1,10514.12972
140,0,118289,78,1,14608.44238
141,0,40569,120,0,5958.755283
142,0,187211,69,0,11071.98813
143,0,85917,77,1,12823.25034
144,0,24838,109,0,11192.6908
145,1,330589,34,1,27027.25504
146,0,12825,57,1,10518.12191
147,0,23341,105,0,6764.208914
148,0,41423,90,1,13241.67009
149,0,677214,14,1,40166.67407
150,1,21408,20,0,8699.634473
151,0,326943,19,0,9399.076282
152,0,27353,18,0,2588.025236
153,0,75715,11,1,12472.18618
154,0,50727,145,0,10314.638719999999
155,1,21975,57,1,11839.8829
156,1,114140,150,0,12870.31238
157,1,459345,20,1,32781.57324
158,0,131549,55,0,8435.037353
159,0,11375,19,1,8415.235112
160,0,335333,37,1,21521.644220000002
161,0,55362,18,0,3693.077574
162,0,63430,66,0,6489.251169
163,0,157628,60,0,10567.21174
164,0,123893,17,0,5898.268951
165,0,73351,35,0,3352.079607
166,1,159086,22,0,11230.34834
167,0,62175,206,1,16108.200990000001
168,0,19948,53,0,4022.6768719999995
169,0,15691,27,0,5593.089558
170,1,17721,46,0,6922.064446
171,0,244989,13,1,16226.504539999998
172,1,14330,50,0,10465.93115
173,1,177787,60,0,14023.88627
174,0,81077,80,0,6448.528629999999
175,0,44931,21,1,9730.116239
176,1,13652,30,1,12702.69822
177,1,72595,89,0,11956.93329
178,1,224090,237,1,31701.54591
179,0,126710,89,1,14178.61795
180,0,315544,41,1,22827.030109999996
181,0,28092,37,1,10258.59208
182,1,38388,18,1,13535.50829
183,0,33293,61,1,9309.372487
184,0,155237,77,0,7503.87861
185,0,315199,70,1,24561.74379
186,0,212549,14,1,16571.64054
187,0,75989,48,0,6319.402209999998
188,0,19643,15,0,1856.175206
189,0,14509,56,0,4098.491438
190,0,229779,118,1,25590.53569
191,0,106862,19,1,13040.18659
192,0,45477,175,1,20337.33835
193,0,104636,96,0,6272.606914
194,0,72497,33,0,2299.916859
195,0,101666,29,0,6657.532861
196,0,268205,20,1,21539.93028
197,0,25775,125,0,7405.369309
198,0,199564,48,1,19102.57548
199,0,94398,36,1,13318.538999999997
200,1,34956,18,1,11078.683819999998
201,0,24997,21,0,740.2041154
202,0,232176,38,1,18460.760409999995
203,1,47658,14,1,12601.93452
204,0,64873,36,0,5895.195406000001
205,0,180677,79,0,12389.519849999999
206,0,232979,64,1,22061.55043
207,0,77496,94,0,5267.233703
208,0,188642,21,1,15629.91954
209,0,26085,27,1,9904.940439
210,1,120086,95,1,18300.553930000002
211,0,82308,63,0,6406.755284
212,0,26025,41,0,3815.0964219999996
213,0,161527,64,0,9800.742942
214,0,19275,135,0,8683.227542
215,0,14154,33,0,2925.00813
216,0,21698,38,1,6958.990062999999
217,0,89124,17,0,5736.88059
218,0,56697,90,1,14903.83914
219,0,52065,73,1,9625.035979
220,0,239833,23,1,19319.62226
221,0,78490,30,0,4171.944424
222,0,115642,42,1,14800.63153
223,0,71811,79,1,11738.91702
224,0,246340,13,1,18364.88524
225,0,57031,80,0,8819.660959
226,0,132169,17,1,16123.76829
227,0,245949,95,1,22798.879769999996
228,0,338043,42,0,10565.781029999998
229,0,106306,19,0,5282.309920000001
230,0,26371,12,0,1796.87718
231,0,85080,10,1,10790.39546
232,0,216075,27,1,18426.40641
233,0,25081,76,0,5093.132106999999
234,0,143831,23,1,14397.39567
235,0,77756,34,0,2920.704874
236,0,128257,33,1,14715.433619999998
237,0,54051,142,0,10046.582559999999
238,0,107788,13,1,14240.70685
239,1,58430,11,0,10213.34644
240,0,59235,11,0,4667.340292
241,0,179604,68,0,9458.421442
242,0,28620,35,1,7657.136936
243,0,112196,16,1,14247.01149
244,0,100932,66,0,5185.256598
245,1,30708,83,1,15945.645760000001
246,0,13208,38,1,6970.388895
247,1,65744,48,1,17832.2915
248,0,21678,15,0,1678.447341
249,0,55617,56,0,3495.250271
250,0,93204,40,0,6579.419624
251,0,70868,20,1,12392.08222
252,1,126003,16,1,16945.84828
253,1,41312,46,0,8956.79004
254,0,65775,84,0,5344.669379000001
255,0,41473,47,1,8780.115203
256,0,107181,19,0,5901.792710000001
257,0,82940,14,0,6434.636636
258,0,84287,27,1,10648.04763
259,0,23124,126,0,7638.147787999999
260,0,41222,51,1,10231.358259999999
261,0,59551,56,1,11770.64662
262,0,181708,143,1,20077.4196
263,0,21218,34,0,1691.743608
264,0,120675,43,0,5962.412434
265,0,117742,38,0,8260.57247
266,0,20878,31,0,1364.936583
267,0,22037,170,1,16981.36868
268,0,21031,24,1,6464.915122
269,1,208753,41,0,12234.917099999999
270,1,188159,19,1,22648.61452
271,0,36314,42,0,3640.89679
272,0,46628,73,0,4740.708498
273,0,27481,10,0,1203.445205
274,0,66720,41,1,10619.58479
275,0,26066,22,0,3692.509424
276,0,21883,131,0,8470.103969
277,1,396317,47,1,31603.868229999996
278,1,51091,18,0,9037.662970000001
279,0,104855,17,0,4686.019904
280,0,164427,36,1,15162.89897
281,0,387171,103,1,28861.64052
282,0,65568,52,0,4469.279224
283,1,54340,105,0,13035.30457
284,0,156070,19,0,4339.93969
285,0,110336,92,1,17146.50535
286,0,17014,156,1,15899.73864
287,0,14242,29,0,1963.357403
288,0,146931,19,0,6868.147956
289,0,14398,38,0,6919.356995
290,0,165848,31,1,18279.65176
291,0,17220,129,0,5682.552993
292,0,91299,128,0,8074.723660000001
293,0,15503,535,0,21445.05937
294,0,42483,25,0,2736.140569
295,0,269738,109,0,15681.37255
296,1,335574,77,1,28664.11676
297,0,25433,32,1,8548.645287000001
298,0,158725,38,1,15920.092840000001
299,0,65562,131,1,16241.99888
300,0,346802,40,1,25373.13155
301,0,112622,32,1,12308.118970000001
302,0,43286,104,1,16019.79885
303,0,288126,39,1,21717.024989999998
304,0,362323,95,1,25490.867999999995
305,1,51541,68,1,14975.50384
306,0,116687,69,1,18127.12363
307,1,30658,34,1,13068.91705
308,1,129626,34,1,18042.88613
309,0,54067,12,0,2106.7560679999997
310,0,166282,106,1,16043.1834
311,0,47342,75,0,4809.24011
312,1,48622,25,0,7154.162451
313,0,119528,18,1,14866.349179999997
314,0,134303,17,0,4998.686659
315,0,241590,16,1,18202.23375
316,1,67400,32,0,9195.50682
317,0,147722,25,0,5603.92835
318,0,22805,231,1,17169.79886
319,0,23236,43,1,8068.479679
320,0,25960,62,0,2139.823082
321,0,52378,13,1,8285.39261
322,0,34740,55,0,4090.6378729999997
323,0,246428,40,1,20483.00682
324,0,299245,27,1,22390.917650000003
325,0,144860,20,1,13779.91158
326,0,161052,37,0,6255.57281
327,0,89464,49,1,15859.34335
328,0,242562,113,1,20434.146650000002
329,0,140044,62,1,16471.73165
330,1,244004,74,1,28297.761239999996
331,0,38702,180,1,16523.06401
332,1,88237,71,0,10473.37958
333,0,24939,51,0,4374.545511
334,0,143547,82,0,8939.296489999999
335,1,80535,20,1,14226.34563
336,0,82226,79,0,8753.285059999998
337,0,22466,10,1,9765.044709
338,0,16756,18,0,1610.197453
339,0,85722,77,0,8291.163787
340,0,277467,150,1,26538.01097
341,0,28817,171,0,11498.51505
342,0,250355,78,1,20643.79915
343,0,92141,35,0,5988.216949999999
344,0,456529,14,1,29098.38565
345,0,251152,16,1,18656.002139999997
346,0,93188,16,1,12642.9538
347,0,117070,40,0,6927.236082
348,0,57400,26,0,2944.4256670000004
349,0,180498,12,0,7340.06039
350,0,70973,44,1,12523.29614
351,1,62155,57,0,8267.670198
352,0,311253,67,1,25161.26115
353,0,20130,39,1,8365.122527
354,0,119009,35,0,8269.87201
355,0,20180,27,0,2267.005255
356,0,84648,111,1,14936.89896
357,0,244034,244,0,16931.15827
358,0,78664,42,0,5917.010724
359,0,31439,106,1,11588.728949999999
360,0,17661,47,0,5019.661888
361,0,130026,49,1,14066.81751
362,0,203387,125,1,20071.84053
363,0,26640,25,0,3632.90825
364,0,136194,121,0,8156.040297
365,0,105290,33,0,7177.14562
366,1,52179,35,1,14583.99348
367,0,34421,92,0,8403.453102
368,0,81208,66,0,7135.453530000001
369,0,46714,43,1,11168.71204
370,1,80182,83,1,16939.264069999997
371,0,523072,53,1,33645.56955
372,0,127796,11,0,5156.378765
373,0,267997,36,0,9992.41768
374,0,102901,64,1,14147.29512
375,1,30476,10,0,6164.337526
376,0,19706,101,0,8233.997591000001
377,0,41131,103,0,5684.753484
378,0,53019,16,1,9111.931717
379,0,35718,63,1,10277.30621
380,0,111708,79,1,13816.50717
381,0,71301,144,1,14252.073260000001
382,1,12849,92,1,16609.08389
383,0,67361,34,0,5067.939335
384,0,10101,40,0,4233.988521
385,1,39431,23,1,12541.37395
386,0,63023,185,0,8468.373517
387,0,118715,14,0,4223.354069999999
388,0,40869,131,1,11627.39836
389,1,35339,25,1,12927.24394
390,0,124626,45,0,7304.186619
391,0,186338,13,1,19648.6002
392,1,285473,15,1,27112.74792
393,0,139197,82,1,18865.1284
394,0,150931,58,1,16145.67606
395,0,10166,66,0,4852.452999
396,0,11288,10,0,2516.089274
397,0,112288,30,1,11639.04193
398,0,354861,59,0,14980.314880000002
399,0,116506,30,0,5322.4351799999995
400,1,144355,160,1,25124.09295
401,0,278699,84,1,24513.60502
402,0,73279,11,0,4166.906998999999
403,0,39742,47,1,7762.919592
404,0,67962,37,0,6274.782362
405,0,24599,49,0,4965.70709
406,0,13447,14,0,2615.487466
407,0,11436,11,0,2569.6380919999997
408,0,15797,28,0,2367.974069
409,0,162238,18,0,8267.460899
410,0,100303,136,1,18596.16726
411,0,48109,213,0,13133.45761
412,1,68723,27,0,9594.085757
413,1,211681,47,1,21632.58762
414,1,30771,23,0,4529.899662
415,0,71494,57,1,11564.9409
416,0,10914,16,1,7605.428215
417,0,246262,95,1,22639.03563
418,0,29883,30,0,3663.4322879999995
419,0,77894,28,0,5702.763864999999
420,1,23762,16,0,6048.9450209999995
421,0,134061,13,1,13937.714210000002
422,1,50236,43,0,9437.606288
423,1,58572,30,0,6832.944493
424,0,14786,100,0,5994.344433
425,1,365657,23,1,27892.79878
426,0,130256,186,1,19878.451230000002
427,0,75889,92,0,10135.39848
428,0,98446,58,0,7199.232341
429,0,240548,106,1,22424.87461
430,0,317542,34,1,22547.23029
431,0,441327,58,1,29992.20769
432,0,181351,66,1,21550.5332
433,0,133730,12,1,15935.04606
434,1,22627,10,0,5749.223418
435,0,162718,81,1,17983.01013
436,0,226327,83,1,20862.760669999996
437,0,107698,36,0,4986.290485
438,0,31472,93,1,11212.7002
439,0,21257,107,1,11037.04497
440,0,111687,69,0,5879.647635
441,0,164836,39,1,17266.07837
442,0,11649,10,1,4619.491361
443,1,37189,53,0,8057.512460999999
444,0,14203,14,0,1451.510276
445,0,579829,97,1,41414.15593000001
446,0,59812,45,0,7021.395839999999
447,0,450829,52,1,32367.07665
448,1,77767,35,0,9721.71466
449,0,32288,65,0,3835.0084730000003
450,0,336370,32,1,23161.138890000002
451,0,261351,50,0,10158.544239999997
452,0,55757,14,0,1855.2854039999993
453,1,104708,14,0,8611.12893
454,0,89259,10,0,3531.240563
455,0,148376,18,1,14398.74653
456,0,31145,25,0,4038.1535919999997
457,0,133682,29,1,14334.31974
458,0,150840,11,0,7639.384949
459,0,47163,15,1,9710.63789
460,0,131719,211,0,10154.32343
461,0,184873,27,0,6516.061032
462,0,17203,41,1,9597.55207
463,0,77525,184,0,10263.97187
464,0,65629,103,0,8372.933098
465,0,12863,10,0,5102.056084
466,0,174200,23,1,16693.90473
467,1,61748,111,1,16859.57223
468,0,303089,82,1,24436.55952
469,0,102904,16,1,10425.64483
470,0,39792,97,0,10507.14384
471,0,74178,57,0,9045.136014
472,1,26468,14,0,4921.146726
473,0,46649,16,0,957.9870779999997
474,0,83551,67,1,11067.72266
475,0,53095,46,0,4100.066835
476,0,72334,29,0,4716.348468
477,0,210389,58,1,20826.68915
478,0,35945,68,0,2342.322272
479,0,140023,66,1,16650.33293
480,1,21935,19,0,6043.553795
481,0,186672,76,1,18216.06353
482,0,53619,100,1,13270.4908
483,0,33710,125,1,15178.07679
484,0,189662,46,1,15717.608279999999
485,0,31227,27,1,7578.536332
486,1,121945,36,1,16779.91344
487,0,46684,44,0,4295.3536220000005
488,0,28879,18,0,2725.168602
489,1,126504,11,0,9502.755081
490,0,45745,89,0,5006.419232
491,1,120447,81,0,10819.49251
492,0,146965,53,1,14316.10844
493,0,15256,112,0,5337.797739
494,0,95950,19,0,4656.715179
495,1,30816,38,0,8202.154684
496,1,61523,13,1,14287.6097
497,1,32497,95,1,17091.29017
498,0,134313,25,1,13281.92333
499,1,43592,30,0,8978.875867
500,0,103500,71,0,7043.001560000001
501,0,13299,82,0,5733.409921
502,0,151204,75,0,7833.23583
503,0,24001,117,1,12216.88022
504,0,29186,16,0,3243.766223
505,0,84477,17,0,3859.295896
506,0,13178,56,0,4549.874946
507,0,228672,46,1,18526.7485
508,0,140954,15,0,5858.523325
509,0,184808,114,0,11567.26651
510,0,28010,156,0,12130.15248
511,0,43736,80,1,12710.58625
512,0,102315,48,1,12091.04998
513,0,26266,292,1,22859.58487
514,1,157177,124,1,24045.911070000002
515,0,191337,60,0,7719.378879999998
516,1,16201,125,0,12469.58864
517,0,20111,40,0,4410.751687
518,0,25349,104,1,7577.97488
519,0,159316,45,1,18049.3458
520,0,266732,117,1,25120.818740000002
521,0,426440,30,0,15813.083250000003
522,1,130900,30,0,10373.901709999998
523,1,33783,27,1,14934.28956
524,1,213882,80,1,25422.475960000003
525,0,96134,53,0,5516.65981
526,0,213215,18,1,20578.44889
527,0,152157,47,1,13711.38994
528,1,253465,21,1,24046.90919
529,0,17547,15,0,866.5027041
530,1,35227,102,1,14702.80333
531,0,12121,21,0,1652.0811509999999
532,0,456050,31,1,29077.79928
533,0,157885,142,1,18343.63045
534,1,26001,45,0,5512.498855
535,0,14241,31,0,3313.33739
536,1,304508,143,1,32626.685469999997
537,0,66918,11,0,5449.455976000001
538,0,82729,50,1,11525.313720000002
539,1,17932,28,1,11402.19819
540,1,34062,45,0,8351.665632
541,0,117713,74,0,7571.36749
542,0,131711,25,0,6012.411289999999
543,0,35162,36,0,2499.167204
544,0,47092,11,1,8885.880729999999
545,0,47487,213,0,12059.02577
546,0,117492,50,0,5134.198316
547,1,53433,23,0,7957.45275
548,0,18816,43,1,9464.520369
549,0,96920,42,0,7979.394504
550,0,287031,90,1,21983.132809999996
551,0,70897,241,1,24428.30607
552,0,38278,50,0,4424.194915
553,0,48863,12,1,8563.44102
554,1,125085,58,1,19784.54802
555,0,284796,38,1,22405.838149999996
556,0,368727,35,1,26937.22403
557,0,91212,20,0,4094.383774
558,0,71272,12,0,5779.293269
559,0,58423,156,0,8969.14075
560,0,91407,96,1,14969.571320000001
561,0,15004,18,0,3937.913319
562,0,89449,39,0,5573.486266
563,0,270429,138,0,14744.930939999998
564,0,13274,21,0,3095.427966
565,1,33257,37,0,5563.593837
566,0,25215,51,1,8733.23786
567,1,14802,43,0,8901.799611
568,0,38466,23,1,10212.073659999998
569,0,16107,39,0,3026.011007
570,1,45394,102,0,9069.58766
571,0,87840,106,0,10383.65201
572,0,25495,45,0,2896.1000080000003
573,1,57081,69,1,17970.53412
574,0,74423,49,0,7596.227578
575,0,54722,78,1,13184.1787
576,0,26486,78,0,2942.373288
577,0,31766,29,0,4844.359745
578,0,99886,13,1,12412.85596
579,0,62702,12,1,8862.558253
580,0,141853,11,1,15008.157079999997
581,0,100785,17,1,11631.41491
582,0,150607,63,0,10265.69667
583,0,16314,45,0,3674.955232
584,0,10356,74,0,3231.268364
585,0,169634,61,1,17965.99838
586,1,114054,18,1,14901.1801
587,0,61017,52,1,10655.11307
588,0,48400,31,1,10045.32635
589,0,15993,31,0,3651.460194
590,0,26755,74,0,4823.024566
591,0,127759,38,0,3579.628507
592,0,31828,110,0,5080.331732
593,0,156161,11,1,16838.31593
594,1,25537,23,0,7173.5235649999995
595,0,201956,29,1,16353.64152
596,0,140824,35,1,14312.787980000001
597,0,172544,79,1,15156.813999999998
598,1,57507,149,0,14855.23627
599,0,36235,64,0,3924.85708
600,0,17863,163,1,13067.51613
601,1,182030,63,1,22501.90384
602,1,288131,72,1,27398.907379999997
603,0,160081,19,0,5249.69293
604,0,118758,12,0,9247.633942
605,0,126915,21,0,6112.734189999999
606,0,274719,397,0,23778.343559999998
607,0,41268,68,0,7088.813884
608,0,52841,39,1,12504.493559999999
609,0,66334,55,0,2662.021145
610,0,23459,64,0,6377.9132500000005
611,0,54717,29,0,3341.823071
612,0,193027,17,1,16676.07469
613,0,48928,198,0,9853.256899
614,0,184800,157,1,18208.87536
615,0,52894,42,1,7764.015949999999
616,1,27988,85,0,7906.615641
617,0,60339,17,0,2884.160011
618,0,65449,47,0,6461.600913999999
619,0,75928,12,0,2883.081314
620,0,292631,41,1,21626.09003
621,0,315258,38,0,11430.740009999998
622,0,58026,84,0,5205.690894
623,0,96204,142,1,15345.31194
624,0,48163,23,1,7699.13003
625,0,166714,25,1,17594.85795
626,0,30487,30,0,3175.214083
627,1,102457,92,0,11334.54085
628,0,51526,90,0,4258.853967
629,1,67320,44,0,8328.713237
630,1,55021,18,1,11669.87728
631,1,102213,15,0,9237.911769999999
632,0,417163,63,1,26607.1912
633,0,15928,12,1,7852.599344
634,0,17580,96,1,10019.43799
635,1,74347,18,1,12159.90168
636,0,87554,16,0,2855.93393
637,0,108781,24,1,12293.595530000002
638,0,111482,19,0,5042.940727
639,0,100638,84,1,15057.14152
640,0,32180,34,0,4486.460688
641,0,108630,13,1,11719.45795
642,0,69506,73,1,11789.74401
643,0,33468,115,0,5959.569767
644,0,52748,28,0,2417.57566
645,0,243471,16,0,7405.5506799999985
646,0,64592,51,0,6723.133299
647,1,89895,54,1,16628.32527
648,0,34947,22,0,4656.094392
649,1,107397,12,1,15324.51276
650,0,78478,39,1,9484.149855
651,0,34104,10,0,5098.284531
652,0,87200,41,0,3820.739798
653,0,106506,59,0,6599.314229999999
654,0,155298,36,0,7818.82657
655,0,58958,92,1,12828.23697
656,1,241828,51,0,14036.5543
657,1,55228,27,0,6713.853191
658,0,118816,49,1,14502.08795
659,1,180594,102,1,25989.206029999998
660,0,271759,25,1,20509.34615
661,0,140684,35,0,7800.921691
662,0,147369,12,1,13588.957599999998
663,1,14821,97,1,15673.91672
664,0,49998,102,0,5621.031559
665,0,69017,125,0,9156.330752
666,0,225071,62,1,21751.17177
667,0,39316,100,1,11367.81931
668,0,12027,24,1,7367.999154
669,0,592031,19,1,36692.85273
670,0,58209,111,1,12222.634999999998
671,0,10741,70,0,5081.594443999999
672,0,50781,49,1,10847.83583
673,0,230303,16,1,20099.284799999998
674,1,285019,49,1,26466.424949999997
675,1,31355,101,1,18790.94691
676,1,159448,13,0,10230.59352
677,0,18308,22,0,3440.503781
678,0,85655,22,0,4738.119608999999
679,0,106057,71,1,14081.826189999998
680,0,118542,86,0,6568.36075
681,1,35737,39,0,8370.509775
682,0,194165,39,1,17499.98951
683,0,28286,46,1,8444.846847
684,0,49912,35,0,5967.841137
685,0,24152,18,1,7881.626501
686,0,207800,149,1,21643.22548
687,0,15647,68,0,5102.757612
688,0,12047,113,0,4396.364087
689,0,189870,11,0,9147.66406
690,0,66876,257,0,16617.13409
691,0,39429,46,0,5118.458942
692,0,292856,178,0,16736.522189999996
693,1,185851,26,1,19645.23798
694,1,41749,22,1,11563.252349999999
695,1,73767,70,0,7603.842548
696,0,63673,20,1,8206.95223
697,0,259323,185,0,16865.183109999998
698,0,65794,66,0,5295.01662
699,0,92404,37,1,12156.37941
700,0,14347,19,1,5186.556879999999
701,0,74672,93,0,6671.775593
702,1,31254,17,0,7396.980159
703,0,100331,124,0,7748.11444
704,0,139884,23,0,6470.925369999999
705,0,51248,143,1,19010.06087
706,1,14701,17,1,10443.93574
707,0,111631,19,1,14659.38464
708,0,11520,78,0,3432.258329
709,0,64211,119,0,9013.157714
710,0,60043,30,1,10184.40818
711,0,130204,62,1,17086.88052
712,1,29779,51,1,11402.65928
713,0,32485,14,1,10804.32922
714,1,72707,14,0,10831.10914
715,0,294377,37,1,20969.14879
716,1,178062,15,1,20097.98064
717,0,211482,18,1,16565.927799999998
718,1,125470,229,0,14956.49095
719,0,73589,32,0,5757.0897479999985
720,0,10561,42,1,7917.72614
721,0,38509,76,0,4186.247555
722,0,159724,132,1,19038.30905
723,0,180825,28,1,18473.04575
724,0,188921,43,0,8200.044385
725,0,105094,63,1,13797.826860000001
726,0,265685,14,1,18382.9633
727,0,128180,62,0,7876.537537
728,0,186502,28,0,8292.50425
729,0,170763,23,1,18419.54292
730,0,47458,22,0,4414.542295
731,1,34409,66,0,7924.222580000001
732,0,39023,68,0,4836.424456
733,1,18758,33,1,10680.46847
734,0,120287,177,0,10224.81206
735,0,93074,128,1,18355.78078
736,0,153666,50,0,9350.31914
737,1,270515,59,1,25194.814899999998
738,1,68146,72,0,9062.199809999998
739,0,35371,25,0,3850.495537
740,0,243258,18,1,19938.31364
741,0,111100,33,0,7038.626683
742,0,16495,69,1,9018.927033
743,0,84745,14,1,8834.55872
744,0,136917,68,1,16903.8502
745,0,60243,29,1,10017.2813
746,0,13039,18,0,4193.71714
747,0,90289,69,0,4992.113273
748,0,130825,42,1,16737.69932
749,0,27477,29,1,8989.175019999999
750,0,89785,39,1,10216.49236
751,0,15849,13,0,1126.022293
752,0,66145,127,1,13803.590059999999
753,1,202190,28,0,12944.25214
754,0,101515,84,0,8605.208523
755,0,290129,67,1,23753.33067
756,0,24958,37,0,1967.7965319999998
757,1,10540,176,1,18151.19212
758,0,116933,73,0,10741.868849999999
759,0,139936,78,1,16430.5856
760,0,54559,72,0,7653.85894
761,0,85608,58,1,10660.1702
762,1,33761,15,0,6930.707568999999
763,0,49967,24,0,2205.347793
764,0,228340,19,0,8070.9771
765,0,10110,137,0,6438.150315
766,0,121433,10,1,11475.91936
767,0,30759,13,0,3952.418228
768,0,276460,17,1,19138.268129999997
769,0,24120,14,0,944.7641640000002
770,1,186400,90,0,15618.683130000001
771,0,11477,52,1,7907.312146999999
772,0,17743,84,0,3901.467895
773,0,194397,69,1,18470.39534
774,0,30587,12,0,2445.971539
775,1,119059,132,0,12205.08601
776,1,118939,27,0,9270.337239999999
777,0,155603,25,1,15147.653899999998
778,0,10707,20,0,3044.476911
779,0,14943,99,1,11813.63627
780,0,123561,20,0,6722.7174
781,0,164619,84,1,16266.522559999998
782,0,47774,106,0,7196.884732999999
783,0,335624,60,1,24846.614729999998
784,0,39382,59,0,4208.135708
785,0,70596,21,0,4298.539295
786,1,51026,132,1,20128.44804
787,1,288765,70,1,28145.2671
788,0,20187,56,0,4358.590607
789,0,381223,111,1,29764.00791
790,1,166317,36,0,13475.01085
791,1,96090,75,0,12753.54049
792,0,177549,10,0,8183.1206600000005
793,0,95970,34,0,4037.7304619999995
794,0,164011,81,0,11282.955929999998
795,0,50186,27,0,4372.063859
796,0,205223,276,0,19692.83746
797,0,207341,43,1,17356.96793
798,0,115530,55,1,17237.24459
799,0,277788,18,1,20094.933639999996
800,0,94661,23,1,12052.66583
801,0,36405,89,1,11457.6029
802,1,20511,11,1,13598.39369
803,0,138281,25,1,14114.4486
804,0,44636,39,0,6198.280838
805,0,78276,48,0,8591.515014
806,0,154873,80,0,9986.497299999999
807,0,150152,22,0,5365.09707
808,0,178123,52,0,9448.094145
809,0,38037,91,0,6335.50074
810,0,37911,23,1,9154.926339999998
811,0,107027,110,1,15720.36657
812,0,85794,91,1,12795.91706
813,1,149848,61,1,19131.26442
814,0,199343,48,1,20241.82221
815,0,223319,15,1,19080.89776
816,0,409816,11,1,27934.82979
817,0,199973,60,1,18645.336189999998
818,0,46960,96,0,7386.644608
819,0,64199,117,1,13591.347989999998
820,0,210451,51,1,17615.61941
821,0,52203,60,0,3702.353016
822,1,211830,15,0,10518.47624
823,0,61017,124,0,7487.07488
824,0,18761,61,0,4274.035841
825,0,168779,39,1,14394.527449999998
826,0,17143,10,0,1725.572935
827,0,21786,67,0,3404.0995379999995
828,1,79330,16,0,8614.599349
829,0,409216,13,0,11924.473629999997
830,0,70972,23,0,3611.2631059999994
831,0,51263,173,0,6644.790664
832,0,84849,16,1,10767.722679999999
833,0,151778,35,0,8214.016629999998
834,0,234451,25,1,18596.4511
835,1,267633,32,1,24654.572589999996
836,0,69995,13,1,11522.14837
837,1,237676,79,1,25230.62232
838,1,126438,13,1,16778.87418
839,1,194055,268,1,34066.86503
840,0,17673,77,0,3511.944554
841,0,68510,68,0,5695.145297
842,0,67594,14,0,3685.758896
843,1,211044,21,1,24571.00018
844,0,142812,153,0,12791.15744
845,1,108150,111,0,14122.28425
846,0,52152,109,1,16528.9617
847,0,74524,11,0,4241.815778
848,1,275648,50,1,25680.85931
849,0,58648,114,0,7356.327876
850,0,11965,66,0,3747.519848
851,0,278253,130,1,25501.66844
852,0,273111,60,1,20564.066159999995
853,0,130469,77,1,15473.29918
854,0,111676,19,0,6369.082518
855,0,110579,45,1,14653.6345
856,0,22367,34,1,8782.169725
857,0,40810,40,1,10836.31695
858,1,182144,37,0,10354.31599
859,0,164172,11,1,17868.72587
860,0,22015,33,0,2909.544956
861,0,102313,21,0,7975.08802
862,0,80175,43,1,13662.585070000001
863,1,63075,99,1,19905.08592
864,1,21741,60,0,7002.635727
865,1,73617,18,0,7871.632576
866,0,532991,32,1,32844.944769999995
867,0,111714,18,0,4964.47236
868,0,29406,66,0,3692.980006
869,0,206448,156,0,13529.61913
870,1,325754,130,1,32173.10509
871,0,284399,109,1,23513.40276
872,0,20032,72,1,11115.66682
873,1,114884,97,1,21003.36274
874,0,226035,32,1,20395.70921
875,0,92186,26,1,11675.94125
876,0,91646,53,1,12127.16554
877,0,24161,41,1,11847.750960000001
878,0,96959,115,0,8850.27229
879,0,134791,33,0,4399.388273
880,0,213695,43,0,7005.080839999999
881,0,73505,56,1,12810.15442
882,0,73207,20,0,4864.281094
883,0,77656,33,0,6199.903732
884,0,40750,31,0,2730.122799
885,0,81450,40,1,13859.8355
886,0,28434,69,1,9762.730488
887,1,92882,10,1,15522.97777
888,0,84071,115,0,7486.69518
889,1,66919,64,0,10873.48138
890,1,53856,14,1,12486.7371
891,1,224519,62,1,24489.58248
892,0,324495,20,0,9269.7516
893,0,173644,72,1,18047.44692
894,0,78648,104,1,11945.41596
895,0,17103,43,1,10857.14235
896,1,98378,20,0,11892.40261
897,0,156726,179,1,25501.007670000003
898,0,161258,77,0,6533.533919999999
899,0,178354,208,1,23894.58049
900,0,24532,33,0,2858.632027
901,0,86961,34,0,5878.004417
902,0,99311,42,0,4929.2466699999995
903,0,16364,161,1,11303.72537
904,0,155046,135,1,20394.457140000002
905,1,46612,10,0,6190.244793
906,0,92344,132,1,15489.22167
907,0,35881,34,1,7119.370934
908,0,65307,23,0,2404.312516
909,0,222019,63,1,17253.840659999998
910,1,377756,200,1,34890.62969
911,0,21188,105,0,8017.51555
912,0,10165,27,1,6417.365157
913,0,199052,72,1,20474.88377
914,0,116491,17,1,13790.5221
915,0,67170,55,0,8687.583676
916,0,82313,55,1,12226.4228
917,0,61796,97,1,14462.92373
918,0,105305,52,0,5189.682500000001
919,0,16836,68,0,5430.179286
920,1,126031,71,1,17398.48716
921,0,268036,67,1,24356.94083
922,0,102561,50,0,5443.590796
923,1,63214,61,1,16960.79264
924,0,135596,21,0,5190.790215
925,0,212139,127,1,17139.26581
926,1,25033,317,1,20928.47798
927,1,315105,34,1,28314.409379999997
928,1,33488,86,1,14663.74719
929,1,10273,10,0,5414.094946
930,0,23129,17,0,4098.004662
931,0,25390,178,0,8156.575502
932,0,24876,69,0,4713.977274
933,0,118976,51,1,15984.9995
934,0,175141,35,1,14314.20721
935,1,74856,46,1,13268.24686
936,1,21842,127,1,16346.18441
937,1,98484,26,1,16978.09629
938,0,150732,120,1,20274.3054
939,1,21758,28,0,9822.09884
940,0,19446,50,0,2262.154299
941,0,11692,33,0,374.4919543
942,0,251115,16,1,21768.438390000003
943,0,253448,62,1,21917.93593
944,0,109708,42,0,6290.856127
945,0,93186,27,0,4116.00422
946,0,83583,96,1,14556.84843
947,0,32700,111,0,3744.372413
948,0,48991,29,1,9261.82175
949,0,96742,35,0,6301.9191900000005
950,0,47141,132,1,13673.52305
951,1,179251,72,0,11765.62565
952,0,61958,11,0,3845.3527280000003
953,1,132441,69,0,11586.90069
954,0,31732,68,0,5844.905558
955,0,187615,41,1,15022.90035
956,0,101546,129,1,14838.33252
957,0,79995,47,0,3886.848072
958,0,95841,144,0,12257.18992
959,0,186906,11,0,6885.897147
960,0,26389,24,1,6905.691011
961,0,86224,93,1,13182.99729
962,0,126904,117,0,8984.496102
963,1,33055,72,0,8370.312256
964,0,17393,61,0,927.7440511
965,0,180782,142,1,20300.575770000003
966,1,319537,22,1,26320.999649999998
967,1,140264,17,1,17326.367
968,0,16333,100,1,10969.97368
969,0,104648,23,0,6289.555494
970,0,26614,15,0,2563.653505
971,0,348026,16,1,25019.12665
972,1,156262,155,1,21733.72894
973,0,39394,74,0,4933.718505
974,0,29140,117,0,4516.709131
975,0,338780,74,1,24954.04823
976,0,209808,41,1,17657.8893
977,0,200461,43,0,8694.032969999998
978,0,43800,115,1,13719.34886
979,0,55203,22,0,3877.036058
980,0,29719,120,1,13333.068659999999
981,0,101318,220,1,19501.87294
982,1,251510,11,1,22307.148699999998
983,1,81243,131,1,19114.5469
984,1,110438,135,0,12688.82126
985,0,70848,56,0,4956.005233
986,0,163505,32,1,15024.573680000001
987,0,131324,30,1,13032.75978
988,1,237921,11,0,13252.46695
989,0,512799,74,1,36202.58886
990,0,343625,15,1,22882.738940000003
991,0,255746,152,1,25709.456119999995
992,0,13521,14,0,2955.875518
993,1,97119,61,1,17603.9525
994,1,218979,54,0,14161.68315
995,0,58753,85,0,8419.202725
996,0,314297,22,1,23027.07019
997,0,101757,62,1,14184.89509
998,0,205233,17,1,16860.91479
999,0,13398,22,0,3398.11952
1000,0,264171,31,1,19515.17263
1001,0,60497,99,0,4879.220052
1002,1,235279,32,1,23046.60066
1003,1,32790,41,0,9664.6594
1004,1,426030,22,0,18095.77891
1005,0,105859,49,1,13418.95409
1006,0,247807,83,0,11316.10913
1007,0,15524,79,0,6012.3394690000005
1008,0,161425,106,1,18286.84252
1009,1,204894,46,1,20667.64091
1010,0,208390,171,1,21650.48303
1011,1,48841,63,1,14205.307550000001
1012,0,73329,38,0,5064.05926
1013,1,275491,264,1,36532.782589999995
1014,0,256642,33,0,10600.125180000001
1015,0,30444,26,0,3622.9417590000003
1016,1,379290,213,1,41239.39043
1017,0,99898,88,0,4183.562699
1018,0,53317,51,1,8922.800229999999
1019,0,15266,20,0,3658.278053
1020,1,358940,48,1,34072.16027
1021,1,226384,22,1,21577.405499999997
1022,0,126111,152,1,17573.86443
1023,0,10454,55,0,2981.8030790000003
1024,1,305435,18,1,28340.85606
1025,1,49332,28,1,12740.30912
1026,0,253921,67,1,21686.95205
1027,0,124740,26,1,11962.697510000002
1028,0,84235,43,0,6303.212166
1029,0,91894,50,0,9312.555970000001
1030,0,38192,53,1,10861.04743
1031,1,89687,146,1,19269.35897
1032,0,227586,338,1,30043.81505
1033,1,30244,110,0,10369.50698
1034,0,99838,243,1,19400.48493
1035,0,38683,75,0,7005.38286
1036,1,15965,120,0,11643.57355
1037,0,117083,127,1,18184.650299999998
1038,0,33497,19,1,9002.35017
1039,0,273756,18,0,11643.981449999997
1040,1,149350,12,1,17083.90622
1041,1,140943,10,0,10211.61067
1042,0,79984,54,0,3774.022142
1043,0,369854,13,1,24318.133639999996
1044,0,90039,30,1,10666.32347
1045,0,79275,21,0,6123.187067
1046,1,86526,138,1,17595.12246
1047,0,24417,44,1,10982.72842
1048,0,133443,30,1,13957.71172
1049,0,151588,21,1,14916.32438
1050,0,38019,76,0,6844.605866000001
1051,1,69886,135,0,12375.25549
1052,0,81306,70,0,5918.721431999999
1053,0,18389,244,0,12912.11771
1054,1,89187,30,1,14653.350339999999
1055,1,91536,27,0,11126.68185
1056,0,414028,22,1,27710.33584
1057,1,17539,24,1,12403.82279
1058,0,169520,93,1,16206.17914
1059,0,21545,93,0,6936.452893
1060,1,71600,24,0,8119.431132
1061,0,70104,243,1,22411.30473
1062,0,189560,11,1,13979.60884
1063,0,71621,25,1,10537.24554
1064,0,46070,38,0,5594.256812
1065,0,27540,36,1,11495.95036
1066,1,56750,74,1,16952.31794
1067,0,21244,12,0,6554.387121
1068,1,171154,102,1,22461.02533
1069,0,103826,37,0,6603.783759999999
1070,0,33933,37,0,4730.494451
1071,0,74431,170,1,14880.86447
1072,0,290795,71,1,22878.6734
1073,1,14692,42,1,11275.846819999999
1074,0,214925,14,1,18678.61975
1075,0,254975,11,1,19171.56902
1076,0,171420,21,1,16353.677500000002
1077,0,61856,15,1,10738.01935
1078,0,55864,247,0,16188.5893
1079,0,184557,99,1,19937.30604
1080,0,26005,134,1,12624.47883
1081,0,138529,75,1,15305.61116
1082,0,161032,98,1,21005.53155
1083,1,47778,34,1,15575.59092
1084,0,150038,19,1,14568.088349999998
1085,0,29299,177,1,12110.95703
1086,0,90695,31,0,6257.68108
1087,0,48945,33,0,3046.58905
1088,0,291874,59,1,23507.59937
1089,0,62576,17,1,10924.6916
1090,0,15051,74,1,12652.01364
1091,0,61120,47,1,11758.11622
1092,0,224557,28,1,21570.27881
1093,1,436643,13,1,29649.320759999995
1094,1,128626,25,1,18833.01538
1095,0,72997,30,0,5405.616622
1096,0,120679,41,0,8536.313565
1097,0,26848,57,0,6769.439448
1098,0,30600,203,0,12671.6971
1099,0,152654,66,1,16145.62882
1100,0,73011,34,0,6803.452299
1101,0,159410,39,0,5687.746612
1102,1,244406,146,1,25717.878209999995
1103,0,39582,49,1,12736.74123
1104,0,91734,84,1,13786.72061
1105,0,124649,80,1,13916.59201
1106,0,89385,40,1,13211.31379
1107,0,308051,11,1,21578.287109999997
1108,0,196940,155,0,13459.000059999998
1109,0,123624,101,1,16293.66391
1110,0,240885,45,1,19217.83172
1111,1,115047,41,0,9719.121829
1112,0,19584,13,1,9121.758337
1113,0,13828,27,0,1950.003882
1114,0,147592,42,1,14386.607869999998
1115,0,42304,203,0,9369.386154
1116,1,99772,13,1,14414.31401
1117,0,180279,50,0,11789.46705
1118,0,20340,103,1,9244.71063
1119,0,143777,134,0,12260.58461
1120,0,21518,16,1,12566.93159
1121,0,17153,110,0,6432.405158
1122,0,146114,20,0,6955.52316
1123,0,21425,71,1,11287.25064
1124,0,22855,130,0,8529.479435
1125,0,23887,49,0,3459.079997
1126,0,180869,15,1,14293.74411
1127,0,621723,34,1,38416.84747
1128,1,363714,118,1,35334.1679
1129,0,178707,50,1,15949.85578
1130,1,185925,19,0,13743.69156
1131,0,415986,27,1,26885.63267
1132,0,83006,330,0,13639.701110000002
1133,0,111457,49,1,13787.447409999999
1134,0,157802,159,1,18662.28483
1135,1,189251,29,0,11950.06012
1136,0,11813,16,1,7057.716994
1137,0,59012,113,0,5815.313267
1138,0,39893,77,0,4047.0416549999995
1139,0,20632,37,0,2487.28966
1140,0,25626,43,0,3676.4366439999994
1141,0,80909,18,1,12110.20072
1142,0,56500,52,1,9610.462044
1143,1,68031,213,1,18709.3688
1144,0,160297,18,0,8022.861962
1145,1,146996,31,1,16330.517200000002
1146,0,133215,51,0,6152.90007
1147,0,11652,87,1,12284.38374
1148,0,43425,111,1,12663.09432
1149,0,18960,130,1,14030.81194
1150,0,101790,10,1,13709.73817
1151,0,391334,11,1,27440.402729999998
1152,0,29982,93,0,3966.461090999999
1153,0,117866,300,0,16140.86676
1154,0,238370,28,1,18313.50281
1155,0,129825,75,1,19679.47392
1156,0,155279,117,0,9110.29697
1157,0,37352,18,0,4343.695185
1158,0,87831,31,1,10074.31003
1159,1,82789,152,0,12107.515050000002
1160,1,88361,95,0,11747.05758
1161,0,19665,28,1,7535.963856
1162,0,19975,11,0,3153.999581
1163,1,60867,139,1,18548.92683
1164,1,55217,42,0,8837.617126
1165,0,75388,16,1,11901.6671
1166,0,364693,128,1,30187.84158
1167,0,180787,34,0,7457.534234
1168,0,139225,44,0,7961.9486400000005
1169,1,57797,175,1,20795.30641
1170,1,157897,23,1,18476.45679
1171,1,36048,92,1,14934.453080000001
1172,0,82969,16,1,14009.00591
1173,0,44426,27,0,2884.7062029999997
1174,1,36052,37,1,15058.3902
1175,0,34816,66,0,4610.585349
1176,0,360237,26,1,23706.726619999998
1177,0,25839,12,0,1270.6055720000002
1178,0,112185,11,0,4173.1391380000005
1179,0,123950,94,0,8717.37993
1180,1,53451,34,1,13411.55529
1181,0,112570,70,0,8116.201911
1182,0,83602,80,1,14465.35069
1183,0,213094,113,0,12995.759829999999
1184,0,83804,11,1,10268.74926
1185,0,105410,50,0,5360.756553
1186,0,312961,131,1,25911.2325
1187,0,19455,52,0,4717.621584
1188,0,80233,35,1,11845.16648
1189,0,75364,100,0,8782.850133
1190,1,19067,88,0,11346.83188
1191,1,32218,200,0,16131.02992
1192,0,63222,175,0,10291.101999999999
1193,0,121870,110,0,10732.69827
1194,0,18984,50,0,3276.441955
1195,0,25721,81,0,5182.933638
1196,0,37711,52,1,10393.92094
1197,1,169389,16,0,9059.10139
1198,1,303731,16,1,24466.90191
1199,0,486587,125,1,36289.762839999996
1200,0,84984,15,0,4554.40667
1201,0,61674,16,0,7472.361427
1202,0,10950,42,0,3248.018934
1203,0,138383,189,0,14011.27881
1204,1,72761,146,1,18778.88314
1205,0,47655,29,0,3431.304048
1206,0,26206,15,1,8830.422136
1207,0,78992,179,0,12512.88604
1208,0,64041,39,0,5837.216551
1209,0,76185,55,1,11633.60173
1210,0,25347,18,1,9855.571089
1211,1,23204,103,0,10374.1152
1212,1,17128,31,0,5582.7137999999995
1213,0,45179,13,0,3240.677761
1214,0,324583,22,1,25560.06678
1215,1,313896,126,1,33027.39318
1216,0,155731,88,1,16192.6956
1217,0,249586,84,0,12104.40491
1218,0,132812,287,0,20123.29677
1219,0,78447,350,0,19044.33861
1220,0,94511,76,0,6207.89821
1221,0,353921,17,1,22559.39235
1222,0,102679,40,0,6468.444106
1223,0,116103,129,1,18377.2377
1224,0,206798,167,0,14047.61075
1225,0,33964,32,0,2094.2690789999997
1226,0,35400,36,0,2739.107352
1227,1,160557,158,1,23755.03533
1228,0,51160,82,0,4144.151585
1229,0,90436,28,0,6933.60518
1230,0,47701,111,0,8361.661382
1231,0,30535,23,1,7362.893813
1232,0,182719,35,0,11331.350309999998
1233,0,128094,86,0,8159.382761
1234,0,387643,28,1,26946.803699999997
1235,0,64435,30,1,13962.44603
1236,0,60088,58,1,11085.56524
1237,0,35205,26,1,9867.45748
1238,0,236867,142,1,24808.18787
1239,0,85307,151,1,16851.32486
1240,0,26139,36,0,4704.271209
1241,0,60287,12,0,2161.067162
1242,0,10767,16,0,536.9561419999999
1243,0,287594,40,0,11883.53327
1244,1,175283,14,0,11994.451750000002
1245,0,108860,54,1,12850.2833
1246,0,35440,158,0,8283.110327
1247,0,16764,71,0,5008.528603
1248,0,70511,178,1,19738.252940000002
1249,1,58965,48,0,8584.94953
1250,0,62941,12,1,10127.11694
1251,0,204358,41,0,9614.969945
1252,0,355100,184,1,28320.226949999997
1253,1,18610,44,0,8027.829522
1254,1,273202,35,1,26057.50382
1255,0,171836,154,0,13549.945279999998
1256,0,30801,10,1,8309.750908999999
1257,0,101818,51,0,7633.370285
1258,1,69099,24,0,8669.574323
1259,0,27981,117,0,6313.527363
1260,0,111547,32,1,12934.864629999998
1261,0,33333,149,0,3866.0227419999997
1262,0,65113,24,0,1944.689559
1263,0,93531,13,0,4438.57358
1264,1,380317,71,1,31842.256829999995
1265,0,14419,74,0,2272.127562
1266,0,157622,36,1,16045.446419999998
1267,0,29573,67,1,9978.96484
1268,0,36447,56,1,10917.88798
1269,0,28892,36,0,2984.6026939999992
1270,0,157285,19,0,8283.264431
1271,0,17240,59,0,6302.147101
1272,1,14490,37,0,6306.101816
1273,0,227981,13,1,17022.034439999996
1274,0,44029,58,1,12317.583
1275,0,219199,188,0,14171.79074
1276,0,191203,155,1,22231.600980000003
1277,0,60886,130,0,8151.90622
1278,0,230590,104,1,22851.47202
1279,0,10517,136,0,7335.268021
1280,0,240968,90,1,19137.23017
1281,1,343435,58,1,29186.81641
1282,0,19592,80,0,6174.896475
1283,0,46709,19,0,1788.257783
1284,0,163068,23,1,14361.59273
1285,0,79956,14,0,4203.442114
1286,1,169230,10,0,9536.348658
1287,1,126433,88,1,22077.31349
1288,0,14964,32,0,1456.970846
1289,0,31509,46,0,6662.071679
1290,0,39297,73,0,2805.656965
1291,0,27539,24,0,3451.888589
1292,0,561249,45,1,38349.62419
1293,0,237129,122,1,24103.33576
1294,0,99386,50,1,11897.501940000002
1295,0,16146,25,1,7004.785994
1296,0,227646,71,1,21042.05195
1297,0,28839,24,1,10910.47314
1298,0,19778,21,0,1526.97737
1299,0,163772,282,1,25575.147320000004
1300,0,17196,15,0,3599.09488
1301,1,134540,23,0,8101.918030000001
1302,0,39541,20,0,2689.880991
1303,0,98687,34,1,12058.38907
1304,0,39237,22,0,3793.687727
1305,0,112843,64,0,7120.119159999999
1306,1,60288,48,1,14779.28191
1307,0,74124,58,1,12156.743069999999
1308,0,115727,28,0,8063.716559999999
1309,0,36841,20,0,2466.731959
1310,0,53062,75,1,10506.62169
1311,0,44091,22,0,2838.1803419999997
1312,0,46146,82,0,5841.5396869999995
1313,0,44456,51,0,4597.059368
1314,0,37298,105,0,6834.777047
1315,0,248728,20,0,10088.00987
1316,0,89955,16,0,4772.1956279999995
1317,0,66235,47,1,12604.22157
1318,0,204745,27,1,17606.46872
1319,1,118109,64,1,16707.76303
1320,1,258150,176,1,30379.81095
1321,0,196556,10,1,17609.17247
1322,0,93682,81,0,5730.848545
1323,0,369686,128,1,31646.62151
1324,0,93054,12,1,12674.01825
1325,0,64418,68,0,4660.333545
1326,0,133654,31,0,7076.52737
1327,1,30297,33,1,12782.91284
1328,0,152713,23,1,16782.3832
1329,0,119427,38,1,13108.37898
1330,0,29769,54,0,4625.35667
1331,0,41946,80,0,4778.5485
1332,0,224032,39,1,17554.666100000002
1333,0,29014,62,1,7046.27083
1334,0,153617,82,1,17746.91304
1335,1,105468,50,0,10115.052749999999
1336,1,25413,67,0,9931.152373
1337,0,25828,15,0,1808.608641
1338,1,55279,93,0,8637.988017
1339,1,13145,82,1,14090.36477
1340,0,153278,55,0,6254.98617
1341,0,127226,32,0,6983.619267
1342,0,73249,264,1,18997.05419
1343,0,96594,12,0,3278.3283870000005
1344,0,37446,90,0,4271.401033
1345,0,232974,13,1,18953.51594
1346,0,162345,24,1,13392.70807
1347,0,57875,23,0,4471.087288
1348,1,82730,37,1,16182.27909
1349,0,17494,19,0,1925.0430039999999
1350,0,101399,40,0,4744.473057
1351,1,53781,75,1,15396.978
1352,1,13802,105,1,13681.09963
1353,0,47549,136,0,9496.221711
1354,0,67538,22,1,8997.77423
1355,0,32082,120,0,7445.272025
1356,1,17917,57,0,8760.127756
1357,0,274217,72,1,22843.32464
1358,0,121688,32,1,13102.90052
1359,0,83824,53,1,11076.21038
1360,0,64482,15,1,10818.36102
1361,0,41964,21,0,1113.172781
1362,0,131982,85,1,15754.24544
1363,1,57713,56,0,7899.64754
1364,0,143637,74,1,17011.262889999998
1365,0,48496,105,0,7569.292275000001
1366,0,125504,34,1,14657.618309999998
1367,1,75585,73,1,16648.60247
1368,0,216508,88,1,19969.089689999997
1369,0,329923,12,1,22049.751729999996
1370,1,96403,34,1,14670.225879999998
1371,1,105035,29,0,10722.2157
1372,0,101540,51,0,8436.02957
1373,0,29301,39,0,3453.0274769999996
1374,1,48319,62,1,16267.12929
1375,0,126911,37,0,5982.366767
1376,0,22089,46,1,10659.793829999999
1377,0,248850,92,1,25081.92834
1378,0,18641,13,0,5033.4101869999995
1379,1,60230,14,1,12723.99488
1380,1,31135,110,1,16436.35381
1381,0,293510,99,1,25081.001279999997
1382,1,121796,73,0,14509.421850000002
1383,1,16090,125,0,9928.621027
1384,0,55005,33,0,3714.651945
1385,0,13682,80,0,5325.555068
1386,0,194938,14,0,7866.984969
1387,0,134594,227,1,22875.55558
1388,0,140578,16,0,5276.724999999999
1389,0,70904,34,1,11544.827959999999
1390,1,48556,16,0,6507.064194
1391,0,47197,16,0,4627.528321
1392,0,87562,46,0,6624.822918
1393,1,69563,16,1,15812.20706
1394,0,245123,21,0,13057.23013
1395,1,25613,61,0,9344.351850000001
1396,0,77649,38,1,13591.855459999999
1397,0,59573,65,1,11450.96151
1398,0,316663,58,0,13905.29862
1399,1,15615,11,0,6929.75123
1400,0,198478,55,1,18669.942469999998
1401,0,77466,39,1,13830.93462
1402,1,47870,22,1,12267.90934
1403,0,17352,45,0,4157.376807
1404,0,63835,170,0,11058.92666
1405,0,73479,68,0,4728.372297
1406,0,12752,134,0,8725.643188
1407,1,44245,19,1,12791.95719
1408,0,100300,93,1,12888.18501
1409,1,63825,82,0,7684.90546
1410,0,229300,78,0,14843.992610000001
1411,0,35149,41,0,3897.27888
1412,1,56526,59,0,8527.902890000001
1413,1,89220,21,1,17386.66321
1414,0,134756,53,1,13810.67139
1415,0,227082,71,1,21740.35477
1416,1,65533,29,1,15546.20046
1417,1,49832,87,1,16466.54154
1418,0,52638,122,1,13644.91724
1419,0,175190,23,1,15262.2085
1420,0,125355,24,1,14656.25185
1421,0,146268,40,1,17059.906789999997
1422,0,34800,70,1,11246.90037
1423,0,29377,71,0,3768.012906
1424,0,239951,20,1,19192.97552
1425,0,25450,210,0,9725.253749
1426,0,118649,31,1,17109.52953
1427,0,101747,49,1,13491.470070000001
1428,0,22433,39,0,3543.5261800000003
1429,0,68448,21,1,10183.359040000001
1430,0,99400,15,1,13929.53007
1431,0,170686,23,1,13344.519439999998
1432,1,228243,40,1,23049.480620000002
1433,0,200222,19,1,15877.803549999999
1434,0,47986,141,1,15543.72503
1435,1,46579,21,1,13139.07023
1436,0,73454,10,0,5929.673647
1437,0,68710,181,0,10289.55944
1438,0,86259,27,1,10273.50649
1439,0,68434,223,0,12146.46301
1440,1,152151,46,1,21472.78788
1441,1,154038,95,1,21392.66132
1442,1,48419,25,0,9525.496591
1443,0,33958,26,0,4917.164745
1444,0,12955,28,0,242.22565280000003
1445,0,42237,12,0,1408.456289
1446,0,30750,35,0,4594.116399
1447,0,52063,41,1,10898.83007
1448,0,14223,22,0,1608.868027
1449,0,19559,14,0,2836.787536
1450,0,141636,21,1,14303.077290000001
1451,0,88939,78,1,13357.228500000001
1452,0,89284,25,1,13684.661819999998
1453,0,576931,58,1,39189.79226
1454,1,79262,18,0,5216.817245
1455,1,334533,47,0,17894.12186
1456,0,78785,236,0,10416.76761
1457,0,142408,14,0,6604.038947
1458,0,21189,34,0,1496.571961
1459,0,159814,32,1,12199.04348
1460,0,51588,27,0,3059.1588699999998
1461,1,100878,82,1,18010.79571
1462,0,53677,39,0,4639.454046
1463,0,25319,25,1,6566.378389
1464,0,252573,215,0,17789.5206
1465,0,219386,22,1,17439.5204
1466,1,12621,22,0,7100.211504
1467,1,238170,39,0,11531.113239999999
1468,0,94992,206,1,21355.66519
1469,0,48896,79,0,5184.767479
1470,0,49678,23,1,5816.155015
1471,1,195651,114,1,25214.32095
1472,0,19932,32,0,4906.737437
1473,0,11464,45,1,7700.722688
1474,0,89221,42,0,2363.208074
1475,0,289225,83,1,22596.206530000003
1476,0,144786,22,1,16952.15638
1477,0,106429,26,0,6242.12478
1478,0,49910,49,0,4846.826271
1479,0,20861,53,0,6473.5128
1480,0,12147,24,0,1816.05151
1481,0,121554,23,0,3944.826915
1482,0,46570,53,1,9455.624525
1483,0,79885,123,1,17573.13979
1484,0,76943,65,0,6764.78383
1485,0,122852,26,0,5382.789214
1486,0,107275,72,1,12982.07293
1487,0,71702,56,0,6098.128815
1488,0,100847,48,0,7118.919819999999
1489,0,48094,12,1,8736.408395
1490,0,87512,68,0,5908.813014
1491,0,339298,47,1,22992.222949999996
1492,0,91201,56,1,13443.9427
1493,0,164706,18,1,15074.27527
1494,0,11390,78,1,7885.634278
1495,0,21523,11,0,2505.635919
1496,1,45321,39,1,15447.03202
1497,0,60092,64,1,9365.86019
1498,0,58994,77,0,7379.186379999999
1499,0,64120,55,1,11766.00932
1500,0,160582,38,0,8017.72812
1501,0,54669,34,0,4486.282899
1502,0,38887,77,1,12185.292099999999
1503,1,38892,26,0,9816.213152
1504,0,115412,12,0,5085.71406
1505,0,50404,63,1,12470.55267
1506,1,64514,59,0,9496.053381
1507,0,55095,35,1,9338.63079
1508,0,25729,55,1,9576.578823
1509,0,618047,178,1,46626.46536999999
1510,0,25096,26,1,8687.900668999999
1511,0,254051,14,1,18498.807269999998
1512,0,291538,218,1,29052.85392
1513,0,15688,27,1,7456.745373
1514,0,86989,26,0,7454.659858
1515,1,134974,41,1,18862.37313
1516,0,52406,59,0,5423.927958
1517,0,70135,55,0,6679.766799
1518,0,247768,169,1,28086.67604
1519,0,84643,24,1,12468.53816
1520,0,94666,42,0,5333.651027
1521,1,75101,59,0,10147.14027
1522,1,31883,20,1,11395.4986
1523,0,39822,17,0,4280.428516
1524,1,161560,85,1,21459.65233
1525,0,29476,121,1,13640.71751
1526,0,92715,15,1,10519.41726
1527,1,332003,114,1,32128.07763
1528,0,10768,24,1,8371.741955
1529,0,51145,52,1,10488.15887
1530,0,188000,20,0,6541.998729999999
1531,0,68130,40,0,5894.35398
1532,0,181704,24,1,14601.54169
1533,0,30417,20,0,1835.451631
1534,0,172913,129,1,23873.89847
1535,0,105828,42,0,8676.87771
1536,0,44954,26,0,4081.900584
1537,0,62639,77,0,4171.2487
1538,1,166808,11,1,21418.21206
1539,0,64992,103,1,13748.788559999999
1540,0,22989,24,1,6506.300618
1541,0,125245,51,1,14773.78817
1542,0,188113,70,0,10174.99537
1543,0,176089,24,1,15536.264759999998
1544,0,96026,36,0,5364.934704
1545,1,23923,18,0,7416.942714
1546,0,57036,12,0,2689.4102000000003
1547,0,161287,33,1,17158.78318
1548,0,70116,57,1,13140.661360000002
1549,0,45233,72,0,3964.2346199999997
1550,0,256127,32,1,19257.379549999998
1551,1,47949,71,0,10124.27551
1552,0,34192,75,0,6418.173838
1553,0,56655,11,1,9543.824782
1554,0,115008,25,0,7619.890571
1555,0,145035,57,1,16228.62139
1556,1,62075,15,0,5279.11638
1557,0,70591,24,1,11143.496
1558,0,142076,43,1,15228.48508
1559,1,30445,125,1,15968.83095
1560,0,89773,63,1,14555.005549999998
1561,0,46146,14,0,3820.6039769999998
1562,0,123038,15,0,5060.146619999999
1563,0,77690,12,0,5465.409643
1564,0,23386,66,0,2985.87803
1565,0,298788,87,1,24291.280339999998
1566,0,52031,29,1,8031.738977
1567,1,45223,30,0,8215.10359
1568,1,112292,15,0,9093.24229
1569,0,70057,68,1,13970.97992
1570,0,26333,51,0,5677.481518
1571,1,266060,37,1,22936.35093
1572,0,44187,56,1,10814.658819999999
1573,0,20585,67,1,10420.06826
1574,0,260624,66,0,11088.22641
1575,0,11821,114,0,7004.24437
1576,1,25922,23,0,6203.790479
1577,0,193140,121,1,20883.98191
1578,1,85308,26,0,8423.4853
1579,0,257270,54,1,21039.250330000003
1580,0,48614,42,1,9096.476076
1581,0,127307,14,1,15132.06439
1582,0,63961,49,0,4710.660484
1583,0,55372,38,0,4779.481392
1584,0,87993,146,0,10474.25199
1585,0,68897,127,1,14209.531410000001
1586,1,525030,107,1,38798.99043
1587,0,143155,210,1,25036.71318
1588,0,193262,20,0,6513.837374
1589,0,12453,87,1,10546.46439
1590,0,15633,79,0,6646.573074
1591,0,43059,65,0,4597.490173
1592,0,115576,20,0,5775.65132
1593,0,313708,110,0,18399.78712
1594,1,125668,28,1,19147.014659999997
1595,0,149714,35,0,6099.07301
1596,0,35876,58,1,9231.651279999998
1597,0,19814,73,1,9097.568257
1598,0,143099,25,1,15055.79704
1599,1,140933,18,1,17543.84502
1600,0,105671,57,0,7919.564809999999
1601,0,14864,14,0,3634.816683
1602,0,42069,15,0,1439.392273
1603,0,15777,13,0,1983.398267
1604,0,62142,57,0,6200.300678
1605,0,131327,101,1,15252.16749
1606,0,80943,134,0,5675.826269
1607,0,478518,38,0,17892.49213
1608,0,19804,27,0,3395.495012
1609,1,175626,83,1,23433.860979999998
1610,1,37642,17,0,5915.114035
1611,0,58423,25,1,9731.674473
1612,1,77650,39,1,14725.51124
1613,0,138040,190,0,14808.833190000001
1614,0,56766,22,1,7688.134548
1615,0,15751,19,0,2342.172593
1616,0,68592,24,1,12831.45254
1617,0,171389,35,1,15341.2549
1618,0,202041,20,1,17762.932929999995
1619,0,94980,100,1,12977.353169999998
1620,0,120480,183,0,13637.73817
1621,0,191204,34,1,17610.66107
1622,0,74728,104,0,8287.254350000001
1623,0,309604,17,1,22410.971999999998
1624,0,90631,49,0,6647.296616
1625,0,303470,15,1,20294.28765
1626,0,196930,66,1,18751.01471
1627,0,54075,90,0,7220.87191
1628,0,97736,158,1,17997.0854
1629,0,143587,153,0,14437.984610000001
1630,1,39847,34,0,7107.045522
1631,0,192001,10,1,18334.87302
1632,0,52369,94,1,12281.48712
1633,0,10867,44,1,9150.068397
1634,0,418788,13,1,25729.196879999996
1635,0,243944,85,1,21322.57889
1636,0,26090,43,0,4932.967069
1637,0,90923,13,1,12351.10675
1638,0,70111,16,0,6673.257513
1639,0,54633,35,0,3034.683262
1640,0,12679,51,1,8678.13295
1641,0,267114,52,0,8834.50154
1642,0,301844,72,0,13708.138039999998
1643,0,17498,147,0,9284.071213
1644,1,37339,33,0,7512.450485
1645,0,78647,76,1,12358.98259
1646,0,159946,32,0,7940.947136
1647,0,54033,118,1,13031.21598
1648,0,34524,16,0,1657.60029
1649,0,24055,86,0,1768.879168
1650,1,200125,14,0,11868.69337
1651,0,236683,33,1,20887.12542
1652,0,281831,29,0,15365.64843
1653,0,286403,55,1,21455.91122
1654,0,124441,53,0,7796.97331
1655,0,21557,17,0,2572.29145
1656,0,121658,30,1,13440.23615
1657,0,27252,52,0,6427.628148
1658,0,124451,76,0,6864.032046
1659,1,22187,10,0,6828.300545
1660,0,312042,37,1,22074.623
1661,0,71221,52,0,4754.462753999999
1662,1,52711,114,0,11923.82835
1663,0,122986,19,0,5520.08532
1664,0,218244,53,0,10153.0231
1665,0,369755,18,1,26679.86109
1666,0,112556,31,0,7420.574514
1667,0,113427,37,0,8036.636786
1668,0,76953,64,0,5163.769677
1669,0,171011,38,1,17229.646419999997
1670,0,186296,35,1,17480.340169999996
1671,0,80408,40,1,13244.05423
1672,0,170110,17,1,13553.25821
1673,1,112058,35,1,18925.58012
1674,0,174845,21,1,16353.77671
1675,0,34745,26,1,9797.931115
1676,0,69801,21,1,11471.60871
1677,0,235865,42,1,20195.00107
1678,0,262309,34,1,19585.5975
1679,0,10245,57,0,4387.135137
1680,0,35991,204,0,13619.82974
1681,0,28921,72,1,11278.2347
1682,0,31509,77,0,5947.278689
1683,0,25646,25,1,9107.229617
1684,0,21188,72,0,6550.153588
1685,1,86687,158,0,14162.78827
1686,0,98948,30,0,7180.914803
1687,0,193061,74,0,11236.698579999998
1688,1,23792,27,1,12765.14776
1689,0,27719,240,1,15642.14659
1690,1,72144,92,1,17047.86739
1691,0,34800,35,1,9965.380853
1692,1,27701,84,1,16472.20159
1693,0,60672,26,0,2715.1746619999994
1694,1,97257,24,1,16899.906239999997
1695,0,31027,173,0,5588.126088999999
1696,0,56959,29,0,5143.851988
1697,0,38379,51,0,3672.918732
1698,0,95179,153,1,17036.11614
1699,0,46455,184,0,11556.24218
1700,0,69576,16,1,10710.9407
1701,0,12521,122,0,9755.85741
1702,0,143772,38,0,6887.731045
1703,0,188319,141,1,21265.11136
1704,0,42495,83,1,13716.10988
1705,0,142276,28,1,14460.677090000001
1706,0,38690,26,1,8175.500690000001
1707,0,46078,22,1,12195.01261
1708,0,24073,33,0,2680.364289
1709,0,38335,33,0,5480.749596
1710,0,126165,129,1,19823.71177
1711,1,259317,74,0,16771.93514
1712,0,73164,30,1,10670.614899999999
1713,0,59774,38,0,5781.273289
1714,0,66436,39,1,10420.16974
1715,0,100278,266,0,18152.160519999998
1716,0,15569,32,0,2142.75266
1717,0,52969,38,0,7465.3228899999995
1718,1,38371,33,0,8411.69255
1719,0,207662,26,1,19666.70339
1720,0,171025,13,1,15897.04316
1721,0,205256,57,1,17643.641299999996
1722,0,59139,70,0,5977.569192
1723,0,34871,21,0,3495.8947319999997
1724,0,210431,30,1,19023.10679
1725,0,92846,29,0,6904.359815
1726,0,11681,67,0,5434.443462
1727,0,125437,23,1,15123.5866
1728,0,11267,15,0,-616.5724513
1729,0,160784,54,1,15073.313449999998
1730,0,45005,56,0,5500.479797
1731,0,36316,56,1,7328.944312
1732,0,99629,60,1,14674.727309999998
1733,0,46979,49,0,6283.579170999999
1734,0,32666,80,1,12627.10734
1735,0,60593,30,0,4825.019318000001
1736,1,22101,20,1,13912.19876
1737,0,171952,66,0,8903.27214
1738,1,204411,142,1,23030.423769999994
1739,1,84566,94,0,13477.23082
1740,0,17807,24,1,6322.44198
1741,0,77087,59,0,4565.842911
1742,0,399228,36,1,28104.52976
1743,0,150010,22,1,12631.585480000002
1744,1,160862,21,1,18740.72687
1745,0,62289,92,1,12497.866199999999
1746,0,197133,112,1,21942.66029
1747,1,170928,91,1,25167.532119999996
1748,0,229859,107,1,22496.96842
1749,0,30169,13,1,7777.676957
1750,0,11709,16,0,1532.0963949999998
1751,0,55240,197,1,17419.95201
1752,0,283472,123,0,14418.82148
1753,0,558513,178,1,42184.767589999996
1754,1,81282,70,1,18090.02055
1755,0,92253,10,0,4286.420061
1756,0,14226,16,1,10930.760110000001
1757,0,14755,21,1,5933.833852
1758,0,97815,42,0,8746.20272
1759,0,93611,45,0,7447.0903499999995
1760,0,19427,27,1,8389.650104
1761,0,310718,71,1,22902.639900000002
1762,0,135278,36,1,14577.00633
1763,1,55184,70,0,10432.021799999999
1764,0,490270,55,1,34201.34971
1765,0,55771,23,0,3980.851169
1766,0,72357,19,1,10492.48497
1767,0,39983,211,0,14542.64742
1768,1,269252,48,1,24044.725019999998
1769,1,61609,42,0,6937.60052
1770,0,288358,28,1,21561.917459999997
1771,1,54873,37,0,6987.138356
1772,1,65357,91,0,11234.4588
1773,0,77553,18,1,11368.25645
1774,1,136034,59,0,8417.088179999999
1775,0,160121,27,1,13816.97789
1776,0,80727,29,0,7133.681372
1777,0,42969,11,0,400.5629799999997
1778,0,76872,125,1,14732.41452
1779,0,248566,18,0,8569.743199999999
1780,1,225946,54,0,11987.250719999998
1781,0,68408,14,1,9544.957874
1782,0,61704,80,0,7972.853529
1783,0,74510,24,0,3966.5309150000003
1784,0,48657,21,1,7872.254385
1785,1,165733,227,1,26875.78401
1786,0,216948,92,1,19194.84231
1787,0,12243,22,0,3118.114431
1788,0,42780,31,0,5307.547831
1789,0,260230,323,1,33518.92113
1790,0,100087,17,1,9617.575449
1791,0,201749,79,1,22550.623349999998
1792,1,146090,34,1,18121.0671
1793,0,191941,48,1,19537.61939
1794,0,48972,68,1,14081.51429
1795,0,98120,20,1,12868.98743
1796,0,101443,16,1,13570.67558
1797,0,192679,139,1,24424.653580000002
1798,0,306079,89,1,23389.617669999996
1799,0,14266,65,0,4139.586305
1800,0,79801,32,0,6464.14138
1801,0,276950,21,1,24003.60504
1802,1,24603,77,1,15013.916510000001
1803,0,369362,71,1,31168.103959999997
1804,1,163971,29,1,21486.33935
1805,1,43930,28,1,13369.71389
1806,0,11621,30,1,9576.89009
1807,0,137828,39,1,13416.779649999997
1808,0,61966,26,0,4125.527695
1809,0,357482,163,0,18205.291569999998
1810,0,146101,109,0,9826.859963
1811,0,24504,76,0,4875.567785
1812,0,105082,49,0,6290.388929999999
1813,0,75798,22,0,4021.204818
1814,1,136223,20,0,9930.56293
1815,1,158032,74,1,23440.81506
1816,1,103485,152,0,13710.65014
1817,1,41540,234,0,21326.34189
1818,0,556966,88,1,36793.03112
1819,1,26162,14,0,6745.229576
1820,0,32888,22,0,1440.7712819999997
1821,0,104309,17,1,10897.16033
1822,0,90537,10,1,11655.52611
1823,0,43358,14,0,1576.1973279999997
1824,0,29166,21,0,2356.0034339999997
1825,0,100002,40,0,4744.1874769999995
1826,1,316043,78,1,27354.186909999997
1827,0,45004,74,1,14472.32173
1828,0,239934,37,1,20709.49016
1829,0,185341,15,0,11098.19468
1830,0,98476,25,0,4342.828165
1831,0,216230,18,1,17404.65072
1832,0,24449,73,0,3398.862946
1833,0,115829,226,1,19909.6354
1834,0,273062,30,0,10126.896279999999
1835,0,47249,24,0,4660.038822
1836,0,285143,65,1,23945.967839999998
1837,0,34819,32,1,8011.881101
1838,0,128179,41,0,10259.69591
1839,0,49484,84,0,8368.32317
1840,0,31288,100,0,7444.036432
1841,0,42955,11,1,8119.356813
1842,0,75949,38,0,5396.306639
1843,0,61250,54,0,5077.933824
1844,0,262468,26,1,21446.42493
1845,0,56606,59,0,4302.232812
1846,0,45361,148,1,13794.710190000002
1847,1,12435,55,0,8105.305773
1848,0,68079,57,0,3393.358658
1849,0,278418,57,1,22954.70652
1850,0,114094,36,1,10857.016369999998
1851,0,14795,43,1,7434.790067
1852,0,162999,23,0,8419.385899999997
1853,0,182905,51,0,6948.191324
1854,0,43339,283,1,16128.40668
1855,0,35941,12,1,9764.999051
1856,0,28178,60,0,4651.985014
1857,0,60982,14,1,11259.91002
1858,0,65645,13,1,8526.7437
1859,0,236428,34,1,22720.78752
1860,0,151678,38,0,7629.417429999999
1861,0,29407,56,0,6797.757679
1862,1,96045,88,0,11546.25512
1863,0,180710,35,1,17637.81626
1864,0,85971,108,1,12121.85281
1865,0,38115,214,0,11111.47591
1866,1,349699,30,0,17436.79153
1867,0,13965,75,1,9034.125983
1868,0,14010,141,1,10357.27798
1869,0,51789,76,1,9877.037629999999
1870,0,24866,34,1,8358.920998
1871,0,70499,16,1,9697.19717
1872,0,189686,44,0,13143.71507
1873,0,16430,10,0,1299.102236
1874,0,47528,17,0,3814.032543
1875,0,26282,53,0,3086.4989749999995
1876,1,15424,109,0,7953.444885
1877,1,50651,16,0,8395.507849999998
1878,1,221486,75,1,25045.88731
1879,0,158373,150,1,20481.22285
1880,0,97169,45,1,13753.19529
1881,0,136254,50,0,9350.540121
1882,0,13700,39,0,5176.649012
1883,1,143612,21,0,10132.163859999999
1884,0,58553,99,0,6623.089313
1885,0,39611,20,1,9581.700883
1886,0,287082,60,1,23237.50621
1887,0,152576,16,0,4783.476068
1888,0,52829,25,1,9443.426405
1889,0,59649,62,1,12419.66799
1890,0,276626,41,1,21897.14378
1891,0,766485,58,1,47682.674450000006
1892,0,82686,58,1,10331.16381
1893,0,47511,47,0,3946.520963
1894,0,21859,90,0,5554.865993
1895,0,108507,37,0,8515.84144
1896,1,41868,74,1,14081.63434
1897,0,60657,10,0,4919.371689
1898,0,23567,186,1,13071.09051
1899,0,21854,13,0,1880.998166
1900,0,23226,12,0,869.5679452
1901,0,82213,101,0,9610.946665
1902,1,94601,20,1,13957.795420000002
1903,1,140724,44,1,19846.78389
1904,0,60298,65,1,10622.92178
1905,1,127925,25,0,9483.18813
1906,0,161836,16,1,14719.98451
1907,0,47851,30,0,1680.262467
1908,0,193057,93,1,21270.02348
1909,0,150646,71,0,9545.16962
1910,0,76685,12,0,7220.21492
1911,0,66207,32,0,6154.395128
1912,0,64208,24,0,1576.904992
1913,0,46293,25,1,11041.812030000001
1914,0,150647,32,1,14012.55395
1915,0,88044,61,1,12458.29338
1916,0,200479,14,0,5974.4137599999995
1917,0,13886,87,0,6113.119547
1918,1,61173,105,1,18651.610539999998
1919,0,41218,15,0,4830.781471
1920,0,32745,194,1,15415.53276
1921,1,98231,21,0,12487.33731
1922,0,17817,74,1,11138.53115
1923,0,109245,30,0,6729.965260000001
1924,1,74918,29,0,9214.456750000001
1925,1,40703,45,0,8123.101703
1926,0,50219,49,0,8672.851562
1927,1,122328,107,1,22067.89894
1928,0,228506,56,1,23682.07355
1929,0,137381,106,0,14071.080310000001
1930,1,229669,38,1,22821.789269999997
1931,0,137759,65,1,16621.23852
1932,1,422327,41,0,19673.067909999994
1933,0,209910,11,0,7957.2764400000015
1934,1,41264,71,0,11360.06959
1935,0,221889,26,0,7002.48978
1936,0,138290,184,1,20023.38286
1937,0,201086,87,1,18327.75576
1938,0,21262,60,0,4179.030159999999
1939,0,130518,84,1,16445.55448
1940,0,57277,91,0,5125.167803
1941,1,244594,68,1,24399.42021
1942,0,33670,11,1,6363.877963
1943,0,137979,59,1,16520.246619999998
1944,0,117234,119,1,17590.82164
1945,0,107806,48,1,11894.77167
1946,0,20041,37,1,6912.385715
1947,0,156425,10,0,6046.072857
1948,0,22896,41,0,3173.607208
1949,0,43580,79,0,4163.437748
1950,1,77772,202,0,14780.369229999998
1951,0,130407,23,1,14210.106150000001
1952,0,278883,12,1,20267.32063
1953,0,68312,21,0,3900.469738
1954,0,15110,15,0,3960.120835
1955,0,14696,18,1,5994.52877
1956,0,125674,15,1,13671.95869
1957,1,190863,49,1,22145.54476
1958,1,470588,248,1,44899.695069999994
1959,0,43253,70,1,14168.48187
1960,0,57955,61,0,6386.971324
1961,1,151249,59,1,20370.20921
1962,0,85065,54,0,5937.476304
1963,1,65840,62,0,9670.64014
1964,0,91670,11,1,13413.1494
1965,1,65674,16,0,7322.936783
1966,0,252970,24,0,6949.114958
1967,0,73949,14,0,6416.795819999999
1968,1,160371,28,0,11384.83831
1969,0,163568,104,0,7956.801304
1970,0,106287,28,0,3291.3314919999993
1971,0,318677,55,1,23369.2989
1972,0,211780,50,0,8869.788970000001
1973,0,104335,30,1,15149.97842
1974,1,88879,70,1,15391.823229999998
1975,0,38137,47,0,6500.022999
1976,1,215342,11,1,22989.64093
1977,0,30282,20,1,8886.536678
1978,0,15085,66,0,7924.059399
1979,0,16262,68,0,2613.223994
1980,0,109237,106,0,7981.94982
1981,0,153445,69,0,9036.567702
1982,0,42943,32,0,6052.549674
1983,0,96848,204,0,8235.537343
1984,0,84905,224,0,17083.29713
1985,0,20368,64,0,2290.876869
1986,0,17580,45,1,7918.8815
1987,1,54855,63,0,8930.495022
1988,0,15802,321,1,21081.75578
1989,0,127963,161,1,18045.75122
1990,1,267677,97,0,19070.96798
1991,0,112880,70,1,15249.06291
1992,0,18150,27,0,4607.795027
1993,0,124231,28,1,13802.46645
1994,1,99953,33,1,17706.83971
1995,0,141579,74,0,6851.178619999999
1996,0,111848,12,0,4753.072214
1997,0,11924,14,0,2161.745939
1998,1,40037,68,1,15692.970790000001
1999,0,152869,30,0,9412.468409
